연번,특구 구분,기술명,발명의 명칭,출원번호,등록번호,기술보유기관,12대국가전략기술(대분류),12대국가전략기술(소분류),기술성숙도
1,포항,3차원 바이오프린팅 기반 인공 식도 제조 기술,3차원 바이오프린팅을 이용한 다층 구조를 갖는 인공 식도 구조체 및 제조장치와 제조방법,10-2019-0118951,10-2274151,포항공과대학교 산학협력단,Ⅰ. 미래도전,1. 첨단바이오,5
2,광주,CDI 개선 유산균 조성물,"클로스트리디오이데스 디피실 억제용 유산균 복합 균주 및 이를 포함하는 장염증 예방, 치료 또는 개선용 조성물",10-2021-0102790,10-2391832,한국식품연구원 세계김치연구소,Ⅰ. 미래도전,1. 첨단바이오,4
3,춘천,CMD 패킷 기술,CDM 패킷을 이용하여 개인정보 노출 여부를 결정하는 방법 및 장치,10-2020-0181420,10-2440180,연세대학교 원주산학협력단,Ⅰ. 미래도전,1. 첨단바이오,4
4,광주,CT스캔 영상에서 딥러닝에 기반한 간 종양 검출 방법 및 장치,CT 스캔 영상에서 딥러닝에 기반한 간 종양 검출 방법 및 장치,10-2020-0094356,10-2436351,전남대학교 산학협력단,Ⅰ. 미래도전,1. 첨단바이오,3
5,홍릉,FcγRⅢa 선택적 결합력 향상 당화 Fc 변이체들,FcγRⅢa 선택적 결합력 향상 당화 Fc 변이체들,10-2021-0124554,,고려대학교 산학협력단,Ⅰ. 미래도전,1. 첨단바이오,4
6,홍릉,M1 대식세포를 유효성분으로 포함하는 광열치료 효과 증진용 조성물,M1 대식세포를 유효성분으로 포함하는 광열치료 효과 증진용 조성물,10-2020-0086062, ,고려대학교 산학협력단,Ⅰ. 미래도전,1. 첨단바이오,4
7,홍릉,Microrna조합을 이용한 비알코올 지방간염 진단용 바이오마커,microRNA조합을 이용한 비알코올 지방간염 진단용 바이오마커,10-2020-0093534, ,고려대학교 산학협력단,Ⅰ. 미래도전,1. 첨단바이오,4
8,춘천,"P53의 전사적 활성 저해에 의한 암 검출용 바이오마커, 키트 또는 조성물, 이를 이용한 정보 제공 방법, 약물 스크리닝 방법, 및 악성 형질전환 모델 기술","P53의 전사적 활성 저해에 의한 암 검출용 바이오마커, 키트 또는 조성물, 이를 이용한 정보 제공 방법, 약물 스크리닝 방법, 및 악성 형질전환 모델",10-2021-0068188,10-2273119,강원대학교 산학협력단,Ⅰ. 미래도전,1. 첨단바이오,5
9,홍릉,"PD-L1 표적화 나노입자, 이를 포함하는 암 예방 또는 치료용 약학 조성물 및 이들의 제조방법","PD-L1 표적화 나노입자, 이를 포함하는 암 예방 또는 치료용 약학 조성물 및 이들의 제조방법",10-2021-0186211,,한국과학기술연구원,Ⅰ. 미래도전,1. 첨단바이오,3
10,홍릉,Ph-감응성 fc 변이체,pH-감응성 Fc 변이체,10-2020-0010336,10-2382593,고려대학교 산학협력단,Ⅰ. 미래도전,1. 첨단바이오,4
11,광주,WIKim0066,항산화 및 항노화 효과를 갖는 락토바실러스 사케이 WiKim0066,10-2017-0154915,10-1938801,한국식품연구원 세계김치연구소,Ⅰ. 미래도전,1. 첨단바이오,4
12,홍릉,가상현실 및 생체신호 센서 기반의 전정-안반사 기능 평가 장치,가상현실 및 생체신호 센서 기반의 전정-안반사 기능 평가 장치,10-2019-0116774,10-2293430,고려대학교 산학협력단,Ⅰ. 미래도전,1. 첨단바이오,4
13,부산,갈조류 감태의 천연 유래 폴리페놀을 함유한 추출물을 이용한 비만억제 치료 약학 조성물,갈조류 감태의 ｎ-부탄올 추출물을 유효성분으로 함유하는 비만억제 치료용 약학 조성물,10-2011-0088048,10-1613448,한국해양대학교 산학협력단,Ⅰ. 미래도전,1. 첨단바이오,7
14,홍릉,감염성 호흡기 바이러스 차단용 조성물 및 이의 용도,감염성 호흡기 바이러스 차단용 조성물 및 이의 용도,10-2020-0025815,10-2330342,경희대학교 산학협력단,Ⅰ. 미래도전,1. 첨단바이오,4
15,춘천,건강기능식품 기술,신규 000 속 균주 및 이를 이용한 발효 쌀 추출물을 포함하는 항산화 또는 항 스트레스 기능 개선용 식품 조성물,10-2021-0181949,,강원대학교 산학협력단,Ⅰ. 미래도전,1. 첨단바이오,4
16,광주,건선개선 기능성 유산균,"라티락토바실러스 커바투스 WiKim0140를 포함하는 염증성 질환의 예방, 개선 또는 치료용 조성물",10-2021-0190021,,한국식품연구원세계김치연구소,Ⅰ. 미래도전,1. 첨단바이오,4
17,창원,견인치료 및 물리치료가 가능한 목디스크 치료용 병렬로봇형 웨어러블 장치 기술,목디스크 치료용 병렬로봇형 웨어러블 장치,10-2019-0038846,10-2159449,경남대학교 산학협력단,Ⅰ. 미래도전,1. 첨단바이오,4
18,홍릉,결명 새싹 유래 나프토파이론 유도체를 포함하는 신경세포 보호용 조성물,결명 새싹 유래 나프토파이론 유도체를 포함하는 신경세포 보호용 조성물,10-2020-0024914,10-2169240,한국과학기술연구원,Ⅰ. 미래도전,1. 첨단바이오,4
19,창원,고감도 세포 검출을 위한 미세 자기장 바이오칩,세포 농축을 위한 마그네틱 필라를 가지는 바이오칩,10-2014-0085996,10-1604588,한국전기연구원,Ⅰ. 미래도전,1. 첨단바이오,5
20,광주,고농도 ＢＣＡＡ 제조방법,근기능 개선 효능을 갖는 고농도 ＢＣＡＡ 제조방법,10-2022-0023435,,전남대학교 산학협력단,Ⅰ. 미래도전,1. 첨단바이오,9
21,대구,고지혈증 및 비만증 예방용 생약성분을 함유한 차전초 조추출 및 조성물 기술 ,차전초 조추출물 또는 분획물을 유효성분으로 함유하는 고지혈증 및 비만증의 예방 또는 치료용 조성물,10-2012-0103744,10-1503834,대구한의대학교 산학협력단,Ⅰ. 미래도전,1. 첨단바이오,5
22,전북,고활성 및 장시간 사용하는 경우에도 반복적으로 효소활성을 나타낼 수 있는 효소의 고정화 방법 개발,효소의 고정화 방법 및 이에 의한 고정화 효소,10-2014-0051307,10-1644939,(재)전북바이오융합산업진흥원,Ⅰ. 미래도전,1. 첨단바이오,4
23,인천서구,고흡습성 폴리머를 이용한 세포 밖 소포체의 농축방법,고흡습성 폴리머를 이용한 세포 밖 소포체의 농축방법,10-2018-0145371, ,인천대학교 산학협력단,Ⅰ. 미래도전,1. 첨단바이오,4
24,춘천,골 손실 억제 조성물 제조방법,사파논 A를 유효성분으로 포함하는 골 손실 억제용 조성물,10-2018-0020631,10-2014241,강원대학교 산학협력단,Ⅰ. 미래도전,1. 첨단바이오,5
25,춘천,과당-알지닌을 포함하는 인플라마좀 매개 질환 예방 또는 치료용 조성물 제조기술,과당-알지닌을 포함하는 인플라마좀 매개 질환 예방 또는 치료용 조성물,10-2020-0086540,10-2348924,강원대학교 산학협력단,Ⅰ. 미래도전,1. 첨단바이오,5
26,광주,관절염 예방 또는 치료용 약학 조성물,관절염 예방 또는 치료용 약학 조성물,10-2021-0065915, ,전남대학교 산학협력단,Ⅰ. 미래도전,1. 첨단바이오,5
27,홍릉,광반응 천연물을 이용한 치과 질환 치료 기술,"곰취추출물을 유효성분으로 함유하는 광역학 반응용 조성물, 이를 포함하는 항균, 항진균 및 살균 조성물, 및 상기 광역학 반응용 조성물을 이용한 살균방법",10-2020-0076758,10-2477307,한국과학기술연구원,Ⅰ. 미래도전,1. 첨단바이오,4
28,전북,구절초를 함유하는 즉석 된장국 개발,구절초를 함유하는 즉석 된장국 제조방법,10-2016-0174303,10-1917009,(재)전북바이오융합산업진흥원,Ⅰ. 미래도전,1. 첨단바이오,6
29,홍릉,굼벵이 추출물을 포함하는 근기능 개선용 조성물,굼벵이 추출물을 포함하는 근기능 개선용 조성물,10-2019-0153665,10-2309947,경희대학교 산학협력단,Ⅰ. 미래도전,1. 첨단바이오,4
30,전북,균주를 이용한 닭 진드기 방제용 조성물 개발,"닭진드기 방제효과를 갖는 메타리지움 아니소플리에 JEF-214 균주, 이를 이용한 닭진드기 방제용 조성물 및 닭진드기 방제방법",10-2018-0024886,10-2054577,전북대학교 산학협력단,Ⅰ. 미래도전,1. 첨단바이오,5
31,군산,근감소증 제어 기술을 이용한 노견용 근육 손실 예방 영양제 제품개발,물오리나무 잎으로부터 분리된 신규 화합물 및 이를 포함하는 항산화용 조성물,10-2013-0135028,10-1630439,중앙대학교 산학협력단,Ⅰ. 미래도전,1. 첨단바이오,5
32,포항,근육피로도 분석이 가능한 웨어러블 디바이스,근전도 측정을 통한 근육 피로도 분석 방법 및 이를 수행하는 웨어러블 디바이스,10-2019-0049956,10-2151745,포항공과대학교 산학협력단,Ⅰ. 미래도전,1. 첨단바이오,5
33,청주,급성 허혈성 뇌졸중 동물 모델 제조기술,급성 허혈성 뇌졸중 동물 모델 및 이의 제조방법,10-2012-0038107,10-1523129,충북대학교 산학협력단,Ⅰ. 미래도전,1. 첨단바이오,4
34,진주,기내식용 급속동결 식품조직 손상 방지 기술,식품의 조직손상을 방지하는 식품 냉동 장치 및 그 방법,10-2017-0143957,10-1893767,세종대학교 산학협력단,Ⅰ. 미래도전,1. 첨단바이오,4
35,진주,기내식용 항균성 식품보관기술,식품 신선도 유지를 위한 항균성 하이드로겔,10-2018-0131091,10-2166485,숙명여자대학교 산학협력단,Ⅰ. 미래도전,1. 첨단바이오,4
36,울주,기능성 멤브레인을 포함하는 미세유체 칩,기능성 멤브레인 및 이를 포함하는 미세유체 칩과 그 제조방법,10-2022-0036471, ,울산과학기술원,Ⅰ. 미래도전,1. 첨단바이오,5
37,춘천,기능성 화장품 기술,겨우살이 추출물의 용매 분획물 및 이로부터 분리된 활성 물질을 포함하는 항산화 또는 미백용 화장료 조성물,10-2016-0080108,10-1875547,강원대학교 산학협력단,Ⅰ. 미래도전,1. 첨단바이오,4
38,홍릉,까실쑥부쟁이 추출물을 포함하는 육모 촉진 및 탈모 방지용 조성물,까실쑥부쟁이 추출물을 포함하는 육모 촉진 또는 탈모 방지용 조성물,10-2019-0128516,10-2233117,한국과학기술연구원,Ⅰ. 미래도전,1. 첨단바이오,4
39,춘천,나트륨 금속 배터리 제조 기술,"나트륨 금속 배터리용 코어-쉘 구조의 나노하이브리드 주형, 이를 이용한 나트륨 금속 배터리 및 그 제조 방법",10-2019-0133013,10-2288824,강원대학교 산학협력단,Ⅰ. 미래도전,1. 첨단바이오,4
40,홍릉,내시경 유도를 통한 흉관 삽관술 장치,내시경 유도를 통한 흉관 삽관술 장치,10-2019-0132334,10-2280296,고려대학교 산학협력단,Ⅰ. 미래도전,1. 첨단바이오,4
41,광주,노인 넘어짐 예방을 위한 화장실 자세 보조 및 응급알람 시스템,노인 넘어짐 예방을 위한 화장실 자세 보조 및 응급알람 시스템,10-2020-0040925,10-2337775,전남대학교 산학협력단,Ⅰ. 미래도전,1. 첨단바이오,3
42,춘천,높은 정확도를 갖는 COPD 진단 방법,만성 폐쇄성 폐질환 진단용 메틸화 마커,10-2017-0081244,10-1920158,강원대학교 산학협력단,Ⅰ. 미래도전,1. 첨단바이오,5
43,홍릉,"뇌암세포 표적용 펩타이드로 표면 개질된 약물 전달용 나노입자, 이의 제조방법 및 이의 용도","뇌암세포 표적용 펩타이드로 표면 개질된 약물 전달용 나노입자, 이의 제조방법 및 이의 용도",10-2020-0002725,10-2267519,경희대학교 산학협력단,Ⅰ. 미래도전,1. 첨단바이오,4
44,광주,뇌질환 개선 락토코커스 사케이,"락토코커스 락티스 아종 호르드니아에 균주 및 이의 퇴행성 뇌질환에 대한 예방, 개선 또는 치료 용도",10-2021-0075400,10-2404016,한국식품연구원 세계김치연구소,Ⅰ. 미래도전,1. 첨단바이오,4
45,홍릉,뇌파 신호의 기능적 연결성 변화 패턴을 이용한 발작 예측장치 및 방법,뇌파 신호의 기능적 연결성 변화 패턴을 이용한 발작 예측 장치 및 방법,10-2020-0160491,10-2455070,고려대학교 산학협력단,Ⅰ. 미래도전,1. 첨단바이오,3
46,광주,능동 구동형 캡슐내시경,마이크로 로봇 제어용 듀얼 하이브리드 전자석 모듈,10-2021-0013298, ,재단법인 한국마이크로의료로봇연구원,Ⅰ. 미래도전,1. 첨단바이오,5
47,홍릉,다공성 실리콘 마이크로 입자를 포함하는 영상화용 조성물,다공성 실리콘 마이크로 입자를 포함하는 영상화용 조성물,10-2020-0053855,10-2346173,경희대학교 산학협력단,Ⅰ. 미래도전,1. 첨단바이오,4
48,전북,단백질 분해를 통해 연도가 증가된 고령친화형 스프레드햄 개발,고령친화형 스프레드햄 및 그 제조방법,10-2020-0189916, ,(재)전북바이오융합산업진흥원,Ⅰ. 미래도전,1. 첨단바이오,5
49,홍릉,"단백질 키나아제 저해 활성을 갖는 신규한 피리미도[4,5-d]피리미딘-2-온 유도체","단백질 키나아제 저해 활성을 갖는 신규한 피리미도[4,5-d]피리미딘-2-온 유도체",10-2021-0033887,10-2329723,한국과학기술연구원,Ⅰ. 미래도전,1. 첨단바이오,4
50,춘천,당뇨병성 합병증 예방 치료제,당뇨병성 합병증의 예방 또는 치료용 약제학적 조성물,10-2017-0123576,10-1938991,강원대학교 산학협력단,Ⅰ. 미래도전,1. 첨단바이오,4
51,춘천,대마로부터 고 함량의 칸나비디올을 대량생산 기술,대마로부터 고 함량의 칸나비디올을 대량생산하는 방법,10-2021-0100567,10-2346700,강원대학교 산학협력단,Ⅰ. 미래도전,1. 첨단바이오,5
52,전북,대장암 예방을 위한 대장암 진단 시약 및 기기 개발,대장암 진단 또는 예후 예측용 바이오마커,10-2021-0096213,,순천향대학교 산학협력단,Ⅰ. 미래도전,1. 첨단바이오,4
53,김해,동공상처 치료용 드레싱재,동공상처 치료용 드레싱재,10-2020-0047634,10-2398590,인제대학교 산학협력단,Ⅰ. 미래도전,1. 첨단바이오,4
54,홍릉,동작 상상에 따른 뇌파를 이용하는 로봇 제어 시스템 및 제어 방법,동작 상상에 따른 뇌파를 이용하는 로봇 제어 시스템 및 제어 방법,10-2020-0047443,10-2386359,한국과학기술연구원,Ⅰ. 미래도전,1. 첨단바이오,3
55,춘천,돼지의 성장과 면역 및 번식능력 향상을 위한 항생제 대체 자기활성수 시스템 개발,자기활성수를 이용한 돼지의 번식능력 개선방법,10-2014-0180628,10-1740375,강원대학교 산학협력단,Ⅰ. 미래도전,1. 첨단바이오,4
56,광주,딥러닝 기반의 혈압 예측 시스템 및 방법,딥러닝 기반의 혈압 예측 시스템 및 방법,10-2017-0154208,10-2042700,전남대학교 산학협력단,Ⅰ. 미래도전,1. 첨단바이오,3
57,홍릉,리그닌 친환경 산화 해중합 분해물 및 이를 포함하는 자외선 차단용 조성물,리그닌 친환경 산화 해중합 분해물 및 이를 포함하는 자외선 차단용 조성물,10-2022-0025514,,한국과학기술연구원,Ⅰ. 미래도전,1. 첨단바이오,4
58,춘천,마늘 발효물을 포함하는 면역 증강용 조성물 및 이의 제조 방법,마늘 발효물을 포함하는 면역 증강용 조성물 및 이의 제조 방법,10-2014-0162773,10-1634002,강원대학교 산학협력단,Ⅰ. 미래도전,1. 첨단바이오,5
59,홍릉,말단 아민기에 아릴 또는 헤테로아릴기가 치환된 신규한 히드라존 유도체 및 이의 용도,말단 아민기에 아릴 또는 헤테로아릴기가 치환된 신규한 히드라존 유도체 및 이의 용도,10-2020-0039398,10-2178181,한국과학기술연구원,Ⅰ. 미래도전,1. 첨단바이오,3
60,춘천,맞춤형 암치료 기술,환자 맞춤형 암 치료,10-2012-0012144,10-1371697,연세대학교 원주산학협력단,Ⅰ. 미래도전,1. 첨단바이오,4
61,대덕,메디컬 점토 광물을 활용한 약물 전달 기술,벤토나이트-하이드로겔 복합체 및 이의 제조방법,10-2021-0158268,10-2401238,한국지질자원연구원,Ⅰ. 미래도전,1. 첨단바이오,4
62,홍릉,메탄으로부터 3-하이드록시부티레이트-3-하이드록시프로피오네이트 공중합체(poly(3hb-co-3hp)) 생산능을 가지는 형질전환 메탄자화균 및 이를 이용한 3-하이드록시부티레이트-3-하이드록시프로피오네이트 공중합체의 제조방법,메탄으로부터 3-하이드록시부티레이트-3-하이드록시프로피오네이트 공중합체(poly(3HB-co-3HP)) 생산능을 가지는 형질전환 메탄자화균 및 이를 이용한 3-하이드록시부티레이트-3-하이드록시프로피오네이트 공중합체의 제조방법,10-2019-0131967,10-2311152,경희대학교 산학협력단,Ⅰ. 미래도전,1. 첨단바이오,4
63,홍릉,멜라토닌을 유효성분으로 포함하는 암의 예방 또는 치료용 약학적 조성물,멜라토닌을 유효성분으로 포함하는 암의 예방 또는 치료용 약학적 조성물,10-2021-0050699,10-2349013,경희대학교 산학협력단,Ⅰ. 미래도전,1. 첨단바이오,4
64,대구,"무 추출물을 포함하는 피부 주름 및 탄력 개선용 마스크팩, 스킨케어 등 화장품 제조기술",무 추출물을 포함하는 피부 주름 및 탄력 개선용 조성물,10-2020-0138344,10-2439597,대구한의대학교 산학협력단,Ⅰ. 미래도전,1. 첨단바이오,6
65,대구,미생물 기원의 천연 아스타잔틴 생산방법,아스타잔틴 분비능을 갖는 플라노코쿠스 속 균주 및 이의 용도,10-2020-0134893,10-2397966,대구경북과학기술원,Ⅰ. 미래도전,1. 첨단바이오,4
66,춘천,바실러스 세레우스의 독소 유전자 실시간 검출용 키트,바실러스 세레우스의 독소 유전자 실시간 검출용 키트,10-2015-0023661,10-1716022,강원대학교 산학협력단,Ⅰ. 미래도전,1. 첨단바이오,5
67,청주,바이러스 감염질환의 예방 또는 치료를 위한 화합물,"바이러스 감염질환의 예방 또는 치료를 위한 화합물, 이를 포함하는 조성물 및 이의 용도",10-2021-0108908, ,한국생명공학연구원,Ⅰ. 미래도전,1. 첨단바이오,4
68,군산,바이오 매스 기반 안전 보호형 탄성 폼소재 개발을 통한 신제품 적용,"텅스텐 산화물을 포함하는 나노 복합체, 이를 포함하는 고분자 복합체 및 상기 고분자 복합체를 포함하는 섬유",10-2018-0148547,10-2178864,중앙대학교 산학협력단,Ⅰ. 미래도전,1. 첨단바이오,5
69,진주,반려식물 재배기,반려 식물 관수 장치 및 반려 식물 관수 장치의 구동 방법,10-2018-0080814,10-2085123,제주대학교 산학협력단,Ⅰ. 미래도전,1. 첨단바이오,4
70,인천서구,배추속 식물 유래 세포밖 소포체를 유효성분으로 포함하는 세포자멸 억제용 조성물,배추속 식물 유래 세포밖 소포체를 유효성분으로 포함하는 세포자멸 억제용 조성물,10-2020-0037492,10-2330571,인천대학교 산학협력단,Ⅰ. 미래도전,1. 첨단바이오,4
71,홍릉,변형 가능한 소재의 소켓을 구비한 지능형 의지장치,변형 가능한 소재의 소켓을 구비한 지능형 의지장치,10-2020-0047414,10-2371796,한국과학기술연구원,Ⅰ. 미래도전,1. 첨단바이오,3
72,홍릉,비글리칸을 유효성분으로 함유하는 비만의 예방 또는 치료용 약학 조성물,비글리칸을 유효성분으로 함유하는 비만의 예방 또는 치료용 약학 조성물,10-2020-0044054, ,고려대학교 산학협력단,Ⅰ. 미래도전,1. 첨단바이오,4
73,진주,비소세포폐암 치료제,누카톤 및 안트라사이클린계 항암제를 유효성분으로 함유하는 항암제 내성 폐암의 예방 또는 치료용 조성물,10-2019-0036740,10-2153323,제주대학교 산학협력단,Ⅰ. 미래도전,1. 첨단바이오,3
74,홍릉,비알코올 지방간염 진단용 바이오마커 mirna-4449,비알코올 지방간염 진단용 바이오마커 miRNA-4449,10-2020-0065623,10-2328770,고려대학교 산학협력단,Ⅰ. 미래도전,1. 첨단바이오,4
75,홍릉,새로운 덱스트란 고분자 청색 형광체,새로운 덱스트란 고분자 청색 형광체,10-2020-0004467,10-2270784,경희대학교 산학협력단,Ⅰ. 미래도전,1. 첨단바이오,4
76,춘천,색소옥수수 판별용 특이 SSR 프라이머 및 이의 용도를 통한 바이오마커 기술,색소옥수수 판별용 특이 SSR 프라이머 및 이의 용도,10-2015-0014204,10-1663136,강원대학교 산학협력단,Ⅰ. 미래도전,1. 첨단바이오,5
77,청주,생체 신호 측정용 신경전극 제조기술,생체 신호 측정용 신경전극 및 그 제조방법,10-2019-0035189,10-2289764,충북대학교 산학협력단,Ⅰ. 미래도전,1. 첨단바이오,4
78,구미,세라믹 코팅제 개발을 위한 기술,산화알루미늄계 세라믹스 접합 방법 및 이로부터 제조된 세라믹스 접합체,10-2019-0114479,10-2295505,금오공과대학교 산학협력단,Ⅰ. 미래도전,1. 첨단바이오,7
79,창원,"세라믹 필러의 나노화 및 구형화, 방열 효율 향상 필름 제조 기술",세라믹 나노융복합 방열필름 제조방법,10-2018-0030762,10-2049600,창원대학교 산학협력단,Ⅰ. 미래도전,1. 첨단바이오,4
80,홍릉,세포 유래 세포외 기질 포함 창상 치료제,"폴록사머, 히알루론산, 및 탈세포화된 세포외기질의 혼합물을 포함하는 상처 치료 또는 조직 재생용 조성물 및 이의 용도",10-2020-0099706,10-2431839,한국과학기술연구원,Ⅰ. 미래도전,1. 첨단바이오,3
81,김해,속도 조절 밸브가 설치된 음압 배액장치,속도 조절 밸브가 설치된 음압 배액장치,10-2019-0021737,10-2325058,인제대학교 산학협력단,Ⅰ. 미래도전,1. 첨단바이오,4
82,대구,솔방울 추출물을 유효성분으로 함유하는 피부미백 등 바디케어 화장품 제조기술,솔방울 추출물을 유효성분으로 함유하는 피부미백용 조성물,10-2014-0130693,10-1646347,대구한의대학교 산학협력단,Ⅰ. 미래도전,1. 첨단바이오,6
83,춘천,수경재배용 조성물,바이오차를 유효성분으로 포함하는 엽채류의 성장과 영양 상태를 개선하는 수경재배용 조성물,10-2017-0055053,10-1944074,강원대학교 산학협력단,Ⅰ. 미래도전,1. 첨단바이오,5
84,홍릉,"수중유형 에멀젼 혼합법을 이용한 스테레오컴플렉스 폴리락트산 복합체의 제조방법, 이를 이용한 약물전달용 조성물의 제조방법 및 이에 의해 제조된 약물전달용 조성물","수중유형 에멀젼 혼합법을 이용한 스테레오컴플렉스 폴리락트산 복합체의 제조방법, 이를 이용한 약물전달용 조성물의 제조방법 및 이에 의해 제조된 약물전달용 조성물",10-2020-0025077,10-2327606,한국과학기술연구원,Ⅰ. 미래도전,1. 첨단바이오,3
85,홍릉,숙신화 키토산의 제조방법,숙신화 키토산의 제조방법,10-2019-0138150,10-2376379,경희대학교 산학협력단,Ⅰ. 미래도전,1. 첨단바이오,4
86,부산,슈퍼소재를 이용한 다기능성 복합직물 및 군사용 특수 섬유 개발,"복합섬유 제조방법, 이를 이용한 복합섬유체 제조방법 및 이의 제조방법으로 제조된 복합섬유체",10-2015-0180842,10-1789695,울산과학기술원,Ⅰ. 미래도전,1. 첨단바이오,3
87,부산,스피루리나 적용 페이셜 크림 개발,"용암해수를 포함하는 미세조류 배양용 배지, 및 이를 이용한 미세조류의 배양방법",10-2016-0072744,10-1835686,한국해양과학기술원,Ⅰ. 미래도전,1. 첨단바이오,6
88,춘천,시남알데하이드 유도체를 포함하는 비만 세포 활성화 억제용 조성물 제조방법,시남알데하이드 유도체를 포함하는 비만 세포 활성화 억제용 조성물,10-2017-0014967,10-1844828,강원대학교 산학협력단,Ⅰ. 미래도전,1. 첨단바이오,5
89,김해,신경차단술용 터널기구,신경차단술용 터널기구,10-2020-0060347,10-2384707,인제대학교 산학협력단,Ⅰ. 미래도전,1. 첨단바이오,4
90,홍릉,"신규 화합물 또는 이의 염, 이를 포함하는 시스테인  탐지용 조성물, 형광 프로브 및 암 진단용 조성물, 시스테인 검출방법, 암 진단을 위한 정보를 제공하는 방법 및 신규 화합물의 제조방법","신규 화합물 또는 이의 염, 이를 포함하는 시스테인  탐지용 조성물, 형광 프로브 및 암 진단용 조성물, 시스테인 검출방법, 암 진단을 위한 정보를 제공하는 방법 및 신규 화합물의 제조방법",10-2021-0101171,,경희대학교 산학협력단,Ⅰ. 미래도전,1. 첨단바이오,4
91,홍릉,신규의 개량된 염기 편집 또는 교정용 융합단백질 및 이의 용도,신규의 개량된 염기 편집 또는 교정용 융합단백질 및 이의 용도,10-2021-0107163, ,고려대학교 산학협력단,Ⅰ. 미래도전,1. 첨단바이오,4
92,춘천,신규한 스트렙토마이시스 리노마이시니 ds620균주 및 이의 추출물을 포함하는 항균 조성물 제조기술,신규한 스트렙토마이시스 리노마이시니 DS620 균주 및 이의 추출물을 포함하는 항균 조성물,10-2018-0000437,10-1970656,강원대학교 산학협력단,Ⅰ. 미래도전,1. 첨단바이오,5
93,춘천,"신규한 피리도다이아제피노인돌 화합물, 이의 제조기술","신규한 피리도다이아제피노인돌 화합물, 이의 제조방법 및 이의 용도",10-2019-0124638,10-2083220,강원대학교 산학협력단,Ⅰ. 미래도전,1. 첨단바이오,5
94,김해,신규한 황반변성 진단용 마커 및 황반변성 진단방법,신규한 황반변성 진단용 마커 및 황반변성 진단방법,10-2021-0101393,10-2313069,인제대학교 산학협력단,Ⅰ. 미래도전,1. 첨단바이오,4
95,홍릉,실리콘 고분자 화합물 및 이를 포함하는 경피 전달 시스템,실리콘 고분자 화합물 및 이를 포함하는 경피 전달 시스템,10-2022-0051881,,경희대학교 산학협력단,Ⅰ. 미래도전,1. 첨단바이오,4
96,대구,실시간 측정이 가능한 공중 부유균 및 먼지 측정키트 기술,공중 부유균 및 먼지 측정키트,10-2019-0002308,10-2267179,영남대학교 산학협력단,Ⅰ. 미래도전,1. 첨단바이오,7
97,전북,아이스팩으로 활용되는 냉동 채소수 개발,아이스팩을 대용하는 냉동채소수 및 이의 제조방법,10-2018-0162442,10-2204770,(재)전북바이오융합산업진흥원,Ⅰ. 미래도전,1. 첨단바이오,5
98,춘천,아토피 피부염에서의 프로바이오틱스 치료 효과 예측용 바이오마커 제조기술,아토피 피부염에서의 프로바이오틱스 치료 효과 예측용 바이오마커 및 이의 용도,10-2020-0124053,10-2397645,강원대학교 산학협력단,Ⅰ. 미래도전,1. 첨단바이오,6
99,홍릉,암 상살 능력이 향상된 면역세포,암 상살 능력이 향상된 면역세포,10-2019-0120852,10-2292657,한국과학기술연구원,Ⅰ. 미래도전,1. 첨단바이오,3
100,홍릉,암 세포 표면 단백질 결합 펩타이드가 컨쥬게이트된 항-miRNA 전달체 및 이의 용도,암 세포 표면 단백질 결합 펩타이드가 컨쥬게이트된 항-miRNA 전달체 및 이의 용도,10-2020-0056569,10-2366784,경희대학교 산학협력단,Ⅰ. 미래도전,1. 첨단바이오,4
101,대구,암세포의 이동과 전이를 억제하는 CD44v6 결합 펩타이드 조성물,CD44v6에 결합하는 펩타이드 및 이의 용도,10-2018-0161981,10-2194025,경북대학교 산학협력단,Ⅰ. 미래도전,1. 첨단바이오,4
102,홍릉,"약물 반응성 예측을 위한 대장암 진단 또는 검출용 조성물, 대장암 예방 또는 치료용 조성물","약물 반응성 예측을 위한 대장암 진단 또는 검출용 조성물, 대장암 예방 또는 치료용 조성물",10-2020-0102142,10-2387320,한국과학기술연구원,Ⅰ. 미래도전,1. 첨단바이오,3
103,춘천,양극산화 장치 기술,회전형 양극산화 장치,10-2013-0155617,10-1695456,강원대학교 산학협력단,Ⅰ. 미래도전,1. 첨단바이오,4
104,홍릉,양방향 흐름 제어 인공호흡장치,양방향 흐름 제어 인공호흡장치,10-2020-0100359,10-2470057,고려대학교 산학협력단,Ⅰ. 미래도전,1. 첨단바이오,4
105,구미,양황철나무를 이용하고 알칼리 화합물 처리 하에서 마이크로파를 처리함으로써 유용한 요소의 변성은 최소화하면서 높은 효율로 글루코오스를 제조하는 기술,양황철나무를 이용하는 글루코오스 제조방법,10-2012-0084061,10-1458674,경상국립대학교 산학협력단,Ⅰ. 미래도전,1. 첨단바이오,8
106,홍릉,열 영상을 이용한 피부 진단 시스템,진단 결과 데이터 결정 방법 및 장치,10-2020-0030275,10-2389860,고려대학교 산학협력단,Ⅰ. 미래도전,1. 첨단바이오,3
107,대구,영상분석을 이용한 구강 상태 검사 및 원격 모니터링 기술,영상분석을 이용한 구강 상태 원격 모니터링 시스템 및 그 방법,10-2018-0025753,10-2074887,(재)경북IT융합산업기술원,Ⅰ. 미래도전,1. 첨단바이오,6
108,군산,영상분석을 통한 작물 특성 조사 시스템 개발,작물 특성 분석 장치,10-2020-0183575,10-2483277,한국전자기술연구원,Ⅰ. 미래도전,1. 첨단바이오,5
109,홍릉,오믹스 분석을 통한 대장암 예후 진단 및 중독 특이적인 바이오마커,대장암 수술 전후의 모니터링을 위한 바이오마커 및 이의 용도,10-2016-0147640,10-1840001,한국과학기술연구원,Ⅰ. 미래도전,1. 첨단바이오,3
110,홍릉,옥시이미노메틸벤젠 유도체,옥시이미노메틸벤젠 유도체,10-2020-0079104,10-2209201,경북대학교 산학협력단,Ⅰ. 미래도전,1. 첨단바이오,4
111,홍릉,왕불류행 추출물을 유효성분으로 함유하는 골질환의 예방 및 치료용 조성물,왕불류행 추출물을 유효성분으로 함유하는 골질환의 예방 및 치료용 조성물,10-2019-0127076,10-2247107,경희대학교 산학협력단,Ⅰ. 미래도전,1. 첨단바이오,4
112,홍릉,용담 추출물의 분획물을 유효성분으로 포함하는 당뇨병 전증 또는 당뇨병의 예방 또는 치료용 조성물,용담 추출물의 분획물을 유효성분으로 포함하는 당뇨병 전증 또는 당뇨병의 예방 또는 치료용 조성물,10-2020-0057007,10-2189149,경희대학교 산학협력단,Ⅰ. 미래도전,1. 첨단바이오,4
113,홍릉,우유 엑소좀을 포함하는 피부 탄력 증진 및 주름 개선용 조성물,우유 엑소좀을 포함하는 피부 탄력 증진 및 주름 개선용 조성물,10-2019-0176590,10-2287153,경희대학교 산학협력단,Ⅰ. 미래도전,1. 첨단바이오,4
114,홍릉,원격 작동 겸자 조작 장치,원격 작동 겸자 조작 장치,10-2020-0015706,10-2321778,한국과학기술연구원,Ⅰ. 미래도전,1. 첨단바이오,4
115,홍릉,유도분극 탐사를 이용한 안정화제 적용 토양의 모니터링 방법,유도분극 탐사를 이용한 안정화제 적용 토양의 모니터링 방법,10-2020-0064866,10-2338724,한국과학기술연구원,Ⅰ. 미래도전,1. 첨단바이오,4
116,광주,유자 유래 항염증 화합물 및 이의 분리방법,유자 유래 항염증 화합물 및 이의 분리방법,10-2019-0060406,10-2283946,재단법인 전남바이오산업진흥원,Ⅰ. 미래도전,1. 첨단바이오,5
117,대구,유전자 다형성에 근거한 폐암 예후 진단용 다중 바이오마커,폐암환자의 예후진단용 다형성 마커 및 이를 이용한 폐암 예후 예측방법,10-2013-0128931,10-1676089,경북대학교 산학협력단,Ⅰ. 미래도전,1. 첨단바이오,5
118,홍릉,유전자 진단용 칩에 장착되는 카트리지,유전자 진단용 칩에 장착되는 카트리지,10-2020-0140057,10-2344815,경희대학교 산학협력단,Ⅰ. 미래도전,1. 첨단바이오,4
119,김해,의료용 마우스피스,의료용 마우스피스,10-2020-0066552,10-2364437,인제대학교 산학협력단,Ⅰ. 미래도전,1. 첨단바이오,4
120,김해,의료용 소변 채집 및 자동 잠금 장치,의료용 소변 채집 장치,10-2017-0000179,10-1831101,인제대학교 산학협력단,Ⅰ. 미래도전,1. 첨단바이오,4
121,광주,이산화탄소 전환 바이오폴리머 생산기술,중성 pH 영역에서 활성화 가능한 애노드 및 이의 제조방법 그리고 이를 포함하는 미생물 전기합성 시스템,10-2020-0131938,10-2437608,한국에너지기술연구원,Ⅰ. 미래도전,1. 첨단바이오,3
122,홍릉,인공지능 기반의 의료 영상 합성 장치 및 방법,인공지능 기반의 의료 영상 합성 장치 및 방법,10-2020-0128003,10-2456467,고려대학교 산학협력단,Ⅰ. 미래도전,1. 첨단바이오,4
123,홍릉,인공지능을 이용한 안면부 골절 판독 장치 및 방법,인공지능을 이용한 안면부 골절 판독 장치 및 방법,10-2020-0186799, ,고려대학교 산학협력단,Ⅰ. 미래도전,1. 첨단바이오,3
124,창원,인후두 이상감증 치료기 기술,경부 미주신경의 경피적 전기자극을 이용한 인후두 이상감증 치료기,10-2017-0034624,10-1910732,강원대학교 산학협력단,Ⅰ. 미래도전,1. 첨단바이오,5
125,춘천,일엽초 추출물을 포함하는 피부 미백용 조성물 제조기술,일엽초 추출물을 포함하는 피부 미백용 조성물,10-2019-0135123,10-2285926,강원대학교 산학협력단,Ⅰ. 미래도전,1. 첨단바이오,5
126,춘천,임신중독증의 예측 또는 진단을 위한 바이오마커로서의 miRNA-2014-3p 및 miRNA-1209-3p 제조기술,임신중독증의 예측 또는 진단을 위한 바이오마커로서의 miRNA-214-3p 및 miRNA-1290-3p,10-2020-0047578,10-2326813,강원대학교 산학협력단,Ⅰ. 미래도전,1. 첨단바이오,5
127,김해,자궁 경부용 열상 클립 및 이를 이용하는 클립 어플리케이터,자궁 경부용 열상 클립 및 이를 이용하는 클립 어플리케이터,10-2020-0029102,10-2312216,인제대학교 산학협력단,Ⅰ. 미래도전,1. 첨단바이오,4
128,홍릉,장내 마이크로바이옴을 이용한 인지장애 진단 방법,장내 마이크로바이옴을 이용한 인지장애 진단 방법,10-2020-0073467,10-2327082,경희대학교 산학협력단,Ⅰ. 미래도전,1. 첨단바이오,4
129,홍릉,전기 자극 장치,전기 자극 장치,10-2019-0053286,10-2233408,고려대학교 산학협력단,Ⅰ. 미래도전,1. 첨단바이오,4
130,홍릉,전층 인공피부 및 미세인공혈관 제작 방법,창상 치료를 위한 인공 진피층과 표피층 제작 방법 및 이를 활용한 전층 인공피부 제작,10-2022-0179776,,고려대학교 산학협력단,Ⅰ. 미래도전,1. 첨단바이오,3
131,대구,정전기적 대전을 활용한 액적 크기 분포 조절이 가능한 하이브리드 액적 제조 기술,하이브리드 액적 제조장치 및 제조방법,10-2016-0176326,10-1896810,영남대학교 산학협력단,Ⅰ. 미래도전,1. 첨단바이오,5
132,춘천,조류인플루엔자 확산 방지 기술,조류인플루엔자 확산 방지 장치 및 방법,10-2020-0080691,10-2423343,강원대학교 산학협력단,Ⅰ. 미래도전,1. 첨단바이오,4
133,홍릉,조직 특이적 핵산 약물 전달 플랫폼,삼차원 자기조립 핵산 나노입자 및 이의 이용,10-2019-0138846,10-2315342,한국과학기술연구원,Ⅰ. 미래도전,1. 첨단바이오,3
134,진주,주름개선용 화장료 조성물,주름개선용 화장료 조성물,10-2014-0104673,10-1688691,제주대학교 산학협력단,Ⅰ. 미래도전,1. 첨단바이오,3
135,홍릉,주주보사이드 A를 유효성분으로 함유하는 대사성 질환의 예방 또는 치료용 약학적 조성물,주주보사이드 A를 유효성분으로 포함하는 대사성 질환의 예방 또는 치료용 조성물,10-2020-0037837,10-2331257,경희대학교 산학협력단,Ⅰ. 미래도전,1. 첨단바이오,4
136,춘천,즉시 사용가능한 마이크로에멀젼 기반의 비강내 면역화용 면역보강제 조성물 제조기술,즉시 사용가능한 마이크로에멀젼 기반의 비강내 면역화용 면역보강제 조성물,10-2015-0127387,10-1743142,강원대학교 산학협력단,Ⅰ. 미래도전,1. 첨단바이오,5
137,홍릉,증강 현실을 이용한 수술 가이드 방법 및 장치,증강 현실을 이용한 수술 가이드 방법 및 장치,10-2020-0039897,10-2378114,고려대학교 산학협력단,Ⅰ. 미래도전,1. 첨단바이오,4
138,청주,지방세포 분화 조절을 통한 비만 치료 및 개선을 위한 앱타머 기반 치료제,PPARγ 단백질에 특이적으로 결합하는 RNA 앱타머 및 상기 RNA 앱타머의 용도,10-2019-0136215,10-2221850,충북대학교 산학협력단,Ⅰ. 미래도전,1. 첨단바이오,4
139,홍릉,지방줄기세포 및 간세포를 포함하는 3차원 세포집합체의 제조방법,지방줄기세포 및 간세포를 포함하는 3차원 세포집합체의 제조방법,10-2020-0019168,10-2264117,한국과학기술연구원,Ⅰ. 미래도전,1. 첨단바이오,4
140,군산,천연 추출물을 활용한 바이오 소재 개발,히어리 잎 추출물 또는 이로부터 분리된 페놀성 화합물을 유효성분으로 포함하는 항염증 또는 항산화 조성물,10-2012-0007235,10-1402371,중앙대학교 산학협력단,Ⅰ. 미래도전,1. 첨단바이오,5
141,춘천,천연물 유래 수면 유도 및 면역 증강용 조성물 제조기술,천연물 유래 수면 유도 및 면역 증강용 조성물,10-2020-0026015,10-2322023,강원대학교 산학협력단,Ⅰ. 미래도전,1. 첨단바이오,5
142,홍릉,체내 부피 유지 제제 및 이의 제조방법,체내 부피 유지 제제 및 이의 제조방법,10-2019-0073898,10-2264957,고려대학교 산학협력단,Ⅰ. 미래도전,1. 첨단바이오,4
143,홍릉,체액 배출량 측정 장치,체액 배출량 측정 장치,10-2019-0116718,10-2241002,고려대학교 산학협력단,Ⅰ. 미래도전,1. 첨단바이오,4
144,춘천,"체외진단 시약용 형광 실리카 나노입자, 이의 제조 방법 및 이를 이용하는 분자 면역 진단 키트","체외진단 시약용 형광 실리카 나노입자, 이의 제조 방법 및 이를 이용하는 분자 면역 진단 키트",10-2015-0188376,10-1743150,강원대학교 산학협력단,Ⅰ. 미래도전,1. 첨단바이오,6
145,구미,초음파 치료기 개발을 위한 영상시스템 기술,고주파 영상 초음파 시스템을 위한 파워 앰프 선형자,10-2015-0141072,10-1670336,금오공과대학교 산학협력단,Ⅰ. 미래도전,1. 첨단바이오,6
146,전북,초음파를 이용한 갈조류 추출물을 이용한 건강기능식품 개발,초음파를 이용한 갈조류 추출물의 제조방법,10-2014-0081287,10-1744082,한국식품연구원,Ⅰ. 미래도전,1. 첨단바이오,5
147,전북,축엽자소 추출물 및 백출 추출물을 활용한 관절염 치료제 개발,식물의 추출 복합물을 포함하는 항염 조성물 및 염증성 질환 치료용 조성물,10-2016-0120830,10-1846493,한국원자력연구원,Ⅰ. 미래도전,1. 첨단바이오,4
148,안산,치과용 임플란트 및 이의 풀림 측정 방법,치과용 임플란트 및 이의 풀림 측정 방법,10-2020-0153256,10-2430329,한양대학교 에리카산학협력단,Ⅰ. 미래도전,1. 첨단바이오,5
149,홍릉,카다베린 고생성능을 가지는 형질전환 메탄자화균 및 이의 용도,카다베린 고생성능을 가지는 형질전환 메탄자화균 및 이의 용도,10-2019-0129160,10-2281525,경희대학교 산학협력단,Ⅰ. 미래도전,1. 첨단바이오,4
150,춘천,쿠마린 유도체를 포함하는 알레르기성 염증성 질환의 예방 또는 치료용 약학 조성물 제조기술,쿠마린 유도체를 포함하는 알레르기성 염증성 질환의 예방 또는 치료용 약학 조성물,10-2017-0176171,10-2053748,강원대학교 산학협력단,Ⅰ. 미래도전,1. 첨단바이오,5
151,홍릉,큰괭이밥 추출물을 포함하는 췌장암 예방 또는 치료용 조성물,큰괭이밥 추출물을 포함하는 췌장암 예방 또는 치료용 조성물,10-2020-0012075,10-2305178,경희대학교 산학협력단,Ⅰ. 미래도전,1. 첨단바이오,4
152,춘천,태양광열 복합 시스템 기술,원추형 반사판을 이용한 태양광열 복합 시스템,10-2016-0135904,10-1847632,강원대학교 산학협력단,Ⅰ. 미래도전,1. 첨단바이오,4
153,홍릉,택란 추출물을 유효성분으로 포함하는 아토피 피부염의 예방 또는 치료용 조성물,택란 추출물을 유효성분으로 포함하는 아토피 피부염의 예방 또는 치료용 조성물,10-2018-0120220,10-2144566,경희대학교 산학협력단,Ⅰ. 미래도전,1. 첨단바이오,4
154,홍릉,택란 추출물을 포함하는 골 질환 예방 또는 치료용 조성물,택란 추출물을 포함하는 골 질환 예방 또는 치료용 조성물,10-2018-0040306,10-2113099,경희대학교 산학협력단,Ⅰ. 미래도전,1. 첨단바이오,4
155,홍릉,토양내 화학 사고 진단 방법,토양내 화학 사고 진단 방법,10-2020-0068287,10-2376566,한국과학기술연구원,Ⅰ. 미래도전,1. 첨단바이오,4
156,춘천,퇴행성뇌질환인 파킨슨병의 miRNA 소재 안약 개발,파킨슨병 바이오마커로서의 miR501 및 이를 이용한 진단키트,10-2017-0132870,10-2062787,국민대학교 산학협력단,Ⅰ. 미래도전,1. 첨단바이오,4
157,구미,파우더형 유착 방지제 제조 기술,생체적합성 고분자를 포함하는 파우더형 유착방지제 및 그의 제조방법,10-2021-0033366, ,금오공과대학교 산학협력단,Ⅰ. 미래도전,1. 첨단바이오,6
158,광주,패드타입의 압력변화 감지 센서를 통한 생체정보 획득장치,패드타입의 압력 변화 감지센서를 이용한 생체정보 모니터링 방법 및 시스템,10-2018-0159824,10-2073492,한국전자기술연구원,Ⅰ. 미래도전,1. 첨단바이오,8
159,홍릉,"폐에서 미세먼지의 노출을 확인하기 위한 testican-1의 검출용 조성물, 키트 및 이를 이용한 방법","폐에서 미세먼지의 노출을 확인하기 위한 Testican-1의 검출용 조성물, 키트 및 이를 이용한 방법",10-2020-0108049,10-2380270,한국과학기술연구원,Ⅰ. 미래도전,1. 첨단바이오,3
160,김해,폐질환 예방과 진단 및 치료 관리 장치,폐질환 예방과 진단 및 치료 관리 장치,10-2020-0092771,10-2404270,인제대학교 산학협력단,Ⅰ. 미래도전,1. 첨단바이오,4
161,대구,표고버섯 및 고로쇠 잎 추출물을 포함하는 항노화 활성을 갖는 건강기능성 무스케이크 조성 기술,표고버섯 추출물 및 고로쇠 잎 추출물을 포함하는 항노화 활성을 갖는 조성물,10-2018-0115685,10-2128168,대구한의대학교 산학협력단,Ⅰ. 미래도전,1. 첨단바이오,5
162,홍릉,"표면개질-나노입자를 포함하는 수은 이온 또는 비소 이온 검출용 비색 센서, 이를 이용한 수은 이온 또는 비소 이온 검출 방법 및 이의 제조방법","표면개질-나노입자를 포함하는 수은 이온 또는 비소 이온 검출용 비색 센서, 이를 이용한 수은 이온 또는 비소 이온 검출 방법 및 이의 제조방법",10-2020-0001326, ,한국과학기술연구원,Ⅰ. 미래도전,1. 첨단바이오,4
163,전북,풀림 회전에 대한 저항성이 강화된 골표면 유착형 고정원 교정장치 개발,치과 교정용 앵커링 장치 및 시스템,10-2019-0033093, ,이화여자대학교 산학협력단,Ⅰ. 미래도전,1. 첨단바이오,6
164,춘천,프린터 헤드의 구동 제어 기술,소형 디지털 프린터의 축 구동을 위한 프린터 헤드 및 프린터 헤드의 구동 제어 방법,10-2020-0009166,10-2302614,강원대학교 산학협력단,Ⅰ. 미래도전,1. 첨단바이오,4
165,광주,플라스틱 분해 활성을 갖는 신규 미생물 및 이의 용도,플라스틱 분해 활성을 갖는 신규 미생물 및 이의 용도,10-2021-0043089,10-2383008,전남대학교 산학협력단,Ⅰ. 미래도전,1. 첨단바이오,3
166,청주,피부 광노화 예방 화장료 조성물,들깨박 유래 비검화물을 유효성분으로 함유하는 피부 광노화 예방 또는 개선용 화장료 조성물,10-2019-0035768,10-2206085,충북대학교 산학협력단,Ⅰ. 미래도전,1. 첨단바이오,4
167,구미,피부 내로의 약물 전달효율을 증가시키는 LED 마스크팩 조성물,금 나노로드를 함유하는 패치 조성물,10-2017-0007174,10-1819713,금오공과대학교 산학협력단,Ⅰ. 미래도전,1. 첨단바이오,4
168,홍릉,하지 운동 능력 평가 방법 및 시스템,하지 운동 능력 평가 방법 및 시스템,10-2020-0095415,10-2377952,한국과학기술연구원,Ⅰ. 미래도전,1. 첨단바이오,3
169,홍릉,한약재의 혼합 추출물을 유효성분으로 포함하는 전립선 비대증의 예방 또는 치료용 조성물,한약재의 혼합 추출물을 유효성분으로 포함하는 전립선 비대증의 예방 또는 치료용 조성물,10-2020-0047974,10-2369473,경희대학교 산학협력단,Ⅰ. 미래도전,1. 첨단바이오,4
170,춘천,항균 기능을 가진 친환경 여성용품 개발,건조지력증강제를 이용한 미세섬유를 다량 함유한 펄프의 종이 제조 방법,10-2015-0122800,10-1751273,강원대학교 산학협력단,Ⅰ. 미래도전,1. 첨단바이오,5
171,춘천,"항균성 금속 나노입자가 흡착된 나노섬유를 함유한 알긴산 히드로겔 및 이의 용도, 및 이를 제조하는 방법","항균성 금속 나노입자가 흡착된 나노섬유를 함유한 알긴산 히드로겔 및 이의 용도, 및 이를 제조하는 방법",10-2018-0094008,10-2089086,강원대학교 산학협력단,Ⅰ. 미래도전,1. 첨단바이오,5
172,춘천,항산화 효소와 진세노사이드 함량이 증진된 새싹삼 및 그 제조 방법,항산화 효소와 진세노사이드 함량이 증진된 새싹삼 및 그 제조방법,10-2021-0094937,10-2312525,강원대학교 산학협력단,Ⅰ. 미래도전,1. 첨단바이오,5
173,광주,항염증 WiKim0148,항염증 효과가 뛰어난 신규한 락토바실러스 파라카제이 아종 톨러란스 WiKim0148 및 이의 용도 ,10-2021-0174533,,한국식품연구원세계김치연구소,Ⅰ. 미래도전,1. 첨단바이오,5
174,광주,항염증 활성을 나타내는 켐페롤-3-오-글루코실-6¨-오-펜타디오닉산 화합물 및 이를 유효성분으로 포함하는 항염증용 조성물,항염증 활성을 나타내는 켐페롤-3-오-글루코실-6¨-오-펜타디오닉산 화합물 및 이를 유효성분으로 포함하는 항염증용 조성물,10-2019-0135106,10-2272653,재단법인 전남바이오산업진흥원,Ⅰ. 미래도전,1. 첨단바이오,5
175,광주,항우울제 치료반응 및 급성기예후 예측용 검사방법,우울증환자에 대한 항우울제 치료반응 및 급성기예후 예측용 검사방법 및 상기 검사방법에 사용되는 검사키트,10-2021-0192972,,전남대학교 산학협력단,Ⅰ. 미래도전,1. 첨단바이오,4
176,대구,향균 활성을 나타내는 김추출물을 유효성분으로 함유하는 기초화장품 스킨케어 제조기술,항균 활성을 나타내는 김 추출물을 유효성분으로 함유하는 화장료 조성물,10-2010-0026211,10-1203273,대구한의대학교 산학협력단,Ⅰ. 미래도전,1. 첨단바이오,5
177,춘천,헴프씨드 추출물을 포함하는 항알레르기성 또는 항산화용 조성물 제조방법,헴프씨드 추출물을 포함하는 항알레르기성 또는 항산화용 조성물,10-2020-0039373,10-2403795,강원대학교 산학협력단,Ⅰ. 미래도전,1. 첨단바이오,5
178,홍릉,형광세기가 향상된 애기장대 유래 플라빈 모노뉴클레오타이드 결합 단백질 변이체들,형광세기가 향상된 애기장대 유래 플라빈 모노뉴클레오타이드 결합 단백질 변이체들,10-2019-0120443,10-2210877,고려대학교 산학협력단,Ⅰ. 미래도전,1. 첨단바이오,4
179,대구,"혼합 한약재 추출물을 포함하는 탈모방지, 모발흑화, 발모용 모발케어 화장품 제조 기술","혼합 한약재 추출물을 포함하는 탈모방지, 모발흑화, 발모용 및 전립선 비대증 치료용 약학적 조성물 및 그의 제조방법",10-2017-0007311,10-1895548,대구한의대학교 산학협력단,Ⅰ. 미래도전,1. 첨단바이오,5
180,광주,홈IoT 센서데이터 활용 독거세대 생활패턴 인식 기술,개인 맞춤형 케어 서비스를 위한 FSM 모델 기반의 실시간 활동 정보 예측 방법 및 시스템,10-2020-0157883, ,한국전자통신연구원,Ⅰ. 미래도전,1. 첨단바이오,7
181,춘천,홍삼성분(진세노사이드 Rg5)을 활용한 혈관형성 촉진재,진세노사이드 Rg5를 유효성분으로 함유하는 혈관형성 촉진용 조성물,10-2014-0102307,10-1723104,강원대학교 산학협력단,Ⅰ. 미래도전,1. 첨단바이오,5
182,창원,환경 분류 보청기 및 이를 이용한 환경 분류 방법,환경 분류 보청기 및 이를 이용한 환경 분류 방법,10-2018-0054200,10-2044962,한국전기연구원,Ⅰ. 미래도전,1. 첨단바이오,5
183,춘천,황백 추출물을 유효성분으로 포함하는 산화아연 저감 사료용 보조제 조성물 제조기술,황백 추출물을 유효성분으로 포함하는 산화아연 저감 사료용 보조제 조성물,10-2019-0152075,10-2321162,강원대학교 산학협력단,Ⅰ. 미래도전,1. 첨단바이오,5
184,광주,히알루론산 이용 pH 감응 약물전달용 콘택트렌즈 개발,pH 감응성 이민결함 히알루론산을 이용한 약물전달용 하이드로겔 콘택트렌즈와 이의 제조 방법,10-2021-0168370,,재단법인 전남바이오산업진흥원,Ⅰ. 미래도전,1. 첨단바이오,5
185,진주,UAV를 활용한 물류시스템 구축 기술,무인 항공 장치를 이용한 배송지 결정 방법 및 시스템,10-2016-0057607,10-1829125,한국과학기술원,Ⅰ. 미래도전,2. 우주항공·해양,4
186,군산,곡가공 작업 자동화를 위한 작업 정보 수집 및 분석 시스템과 그 방법,곡가공 작업 자동화를 위한 작업 정보 수집 및 분석 시스템과 그 방법,10-2020-0047281,10-2314424,재단법인 건설기계부품연구원,Ⅰ. 미래도전,2. 우주항공·해양,6
187,진주,공작물 정렬장치,핀의 높이 변경 장치,10-2018-0078310,10-2069376,경상국립대학교 산학협력단,Ⅰ. 미래도전,2. 우주항공·해양,4
188,광주,광촉매 모듈 및 이를 이용한 공기정화장치,광촉매 모듈 및 이를 이용한 공기정화장치,10-2019-0117895,10-2281576,한국광기술원,Ⅰ. 미래도전,2. 우주항공·해양,5
189,진주,내열충격성이 향상된 세라믹 코팅 기술,내열충격성이 향상된 고온내열 세라믹 코팅 조성물 및 코팅 방법,10-2017-0059676,10-2001537,한국세라믹기술원,Ⅰ. 미래도전,2. 우주항공·해양,4
190,진주,다각적 판별 시스템을 이용한 드론 탐지 기술,드론의 다각적 판별 시스템 및 그 방법,10-2017-0073669,10-2010130,한국과학기술원,Ⅰ. 미래도전,2. 우주항공·해양,4
191,진주,단열 및 내충격성을 갖는 강화 단열재 기술,다층 강화 단열재,10-2016-0051339,10-1787495,한국과학기술원,Ⅰ. 미래도전,2. 우주항공·해양,4
192,진주,데이터 재생 장치 및 방법,데이터 재생 장치 및 방법,10-2015-0047625,10-1698791,경상국립대학교 산학협력단,Ⅰ. 미래도전,2. 우주항공·해양,5
193,진주,두께방향 물성이 향상된 복합재료 구조,z-방향 섬유로 보강된 복합재료 스티칭 구조,10-2015-0159321,10-1727470,경상국립대학교 산학협력단,Ⅰ. 미래도전,2. 우주항공·해양,5
194,진주,드론용 하이브리드 전력 장치 운용 기술,직렬 하이브리드 전력 장치 및 운용 방법,10-2019-0023341,10-2004123,한국항공우주연구원,Ⅰ. 미래도전,2. 우주항공·해양,4
195,진주,드론을 활용한 관제시스템 구축 기술,산업재해 대응을 위한 드론 운용 방법 및 시스템,10-2015-0165797,10-1788411,울산대학교 산학협력단,Ⅰ. 미래도전,2. 우주항공·해양,4
196,진주,드론을 활용한 메탄가스 측정 기술,무인항공기를 이용한 대기 중 메탄가스 배출량 측정방법,10-2019-0046284,10-2136843,서울대학교 산학협력단,Ⅰ. 미래도전,2. 우주항공·해양,4
197,진주,드론의 군집비행 제어 기술,무인 비행체의 실시간 군집비행 제어시스템 및 그 방법,10-2019-0106611,10-2241000,경상국립대학교 산학협력단,Ⅰ. 미래도전,2. 우주항공·해양,4
198,진주,방제빙 허니콤 코어 복합재 및 이의 제조 방법,방제빙 허니콤 코어 복합재 및 이의 제조 방법,10-2020-0108658,10-2378169,경상국립대학교 산학협력단,Ⅰ. 미래도전,2. 우주항공·해양,5
199,진주,복합재료 성형용 필러 및 이를 이용한 복합재료,복합재료 성형용 필러 및 이를 이용한 복합재료,10-2015-0107154,10-1722323,경상국립대학교 산학협력단,Ⅰ. 미래도전,2. 우주항공·해양,4
200,진주,복합재료 스티칭 용 재봉틀,복합재료 스티칭 용 재봉틀,10-2015-0191306,10-1782421,경상국립대학교 산학협력단,Ⅰ. 미래도전,2. 우주항공·해양,5
201,진주,섬유의 손상을 최소화한 복합재료 z-방향 강도 보강 장치,복합재료 스티칭 장치,10-2017-0173563,10-1941790,경상국립대학교 산학협력단,Ⅰ. 미래도전,2. 우주항공·해양,5
202,진주,에어로젤을 활용한 단열재 제조 기술,유연성을 갖는 실리카 에어로젤 제조방법,10-2009-0011931,10-1064869,한국세라믹기술원,Ⅰ. 미래도전,2. 우주항공·해양,5
203,청주,자율 드론 비행 안전성 검사를 위한 위협 분석 기법 및 시스템,자율 드론 비행 안전성 검사를 위한 위협 분석 기법 및 시스템,10-2019-0139526,10-2259855,충북대학교 산학협력단,Ⅰ. 미래도전,2. 우주항공·해양,4
204,진주,전도성 혼합액을 이용하는 전도성 페인트 도막의 형성방법 및 이에 따라 형성된 전도성 페인트 도막,전도성 혼합액을 이용하는 전도성 페인트 도막의 형성방법 및 이에 따라 형성된 전도성 페인트 도막,10-2019-0062939,10-2270647,경상국립대학교 산학협력단,Ⅰ. 미래도전,2. 우주항공·해양,5
205,진주,초경합금 구조물을 제작하는 분말 사출 성형 방법 및 그 시스템,초경합금 구조물을 제작하는 분말 사출 성형 방법 및 그 시스템,10-2011-0033486,10-1789230,경상국립대학교 산학협력단,Ⅰ. 미래도전,2. 우주항공·해양,4
206,진주,탄소나노물질 함유 고분자 분산 용액의 제조 방법,탄소나노물질 함유 고분자 분산 용액의 제조 방법,10-2017-0152014,10-1943550,울산과학기술원,Ⅰ. 미래도전,2. 우주항공·해양,5
207,진주,항공기 날개의 방제빙 시스템 및 이를 이용한 방제빙 방법,항공기 날개의 방·제빙 시스템 및 이를 이용한 방·제빙 방법,10-2020-0010321,10-2315288,경상국립대학교 산학협력단,Ⅰ. 미래도전,2. 우주항공·해양,5
208,대구,니켈-철 합금 수소 발생 전극을 활용한 가정용/휴대용 수소발생장치 제조 기술,니켈-철 합금 수소 발생 전극 및 이의 제조방법,10-2021-0024520, ,영남대학교 산학협력단,Ⅰ. 미래도전,3. 수소,5
209,대구,소요 에너지를 저감한 습식 이산화탄소 포집 설비 기술,습식 이산화탄소 포집 설비,10-2016-0120140,10-1874068,한국전력기술 주식회사,Ⅰ. 미래도전,3. 수소,6
210,구미,"수소 생성 반응용 촉매 제조방법, 그에 의하여 제조된 촉매 및 그 촉매를 포함하는 수소 생성 반응전해액","수소 생성 반응용 촉매 제조방법, 그에 의하여 제조된 촉매 및 그 촉매를 포함하는 수소 생성 반응전해액",10-2019-0011442,10-2160870,금오공과대학교 산학협력단,Ⅰ. 미래도전,3. 수소,4
211,진주,수소연료전지의 음이온 교환막 제조 기술,"음이온 교환막, 이의 제조방법 및 이를 포함하는 알칼리 음이온 교환막 연료전지",10-2019-0050356,10-2260088,경상국립대학교 산학협력단,Ⅰ. 미래도전,3. 수소,4
212,안산,수처리 장치 및 수처리 방법,수처리 장치 및 수처리 방법,10-2018-0161907,10-2250566,한양대학교 에리카산학협력단,Ⅰ. 미래도전,3. 수소,5
213,창원,액체 수소 제로보일오프 장기 저장기술,응축형 수소 액화 장치,10-2020-0151559,10-2469622,한국전기연구원,Ⅰ. 미래도전,3. 수소,5
214,대구,음극 활물질 분리 방법을 적용한 리튬전지 재활용 기술,음극 활물질 분리 방법,10-2019-0153120,10-2104562,한국지질자원연구원,Ⅰ. 미래도전,3. 수소,5
215,울주,환원된 그래핀옥사이드 및 이의 제조방법,환원된 그래핀옥사이드 및 이의 제조방법,10-2020-0087692,10-2360891,울산과학기술원,Ⅰ. 미래도전,3. 수소,5
216,구미,네트워크상에서 개인정보를 확인하는 방법 및 시스템,인증 체계 및 유통 체계 기반의 개인 정보 확인 방법 및 시스템,10-2016-0042667,10-1796982,금오공과대학교 산학협력단,Ⅰ. 미래도전,4. 사이버 보안,4
217,울주,디더링 마스크 기반 홀로그램 색상 지정 방법,디더링 마스크에 기반한 홀로그램 색상 지정 시스템 및 홀로그램 색상 지정 방법,10-2021-0001680, ,울산과학기술원,Ⅰ. 미래도전,4. 사이버 보안,5
218,광주,심전도를 이용한 개인 인증 방법,심전도를 이용한 개인 인증 방법,10-2019-0160437,10-2276606,한국전자기술연구원,Ⅰ. 미래도전,4. 사이버 보안,5
219,안산,암표 방지를 위한 모바일 티켓 생성 방법 및 모바일 티켓 검증 시스템,암표 방지를 위한 모바일 티켓 생성 방법 및 모바일 티켓 검증 시스템,10-2019-0100547,10-2207466,한양대학교 에리카산학협력단,Ⅰ. 미래도전,4. 사이버 보안,5
220,구미,태양광 모니터링 시스템 개발을 위한 요소기술,공개키 암호 알고리즘을 이용한 암호화/복호화 방법 및 장치,10-2018-0045856,10-2022333,금오공과대학교 산학협력단,Ⅰ. 미래도전,4. 사이버 보안,한국-3 | 미국-0 | 일본-0 | 중국-0 | EP-0 | PCT-0 | 기타-0
221,광주,"BIPV형 태양전지, 태양광 패널 및 태양광 패널 어레이",집광 효율이 향상된 건물 일체형 태양광 모듈,10-2019-0142342,10-2319732,한국광기술원,Ⅱ. 혁신선도,1. 첨단 모빌리티,5
222,나주,v2x-ess 연계 시스템 기술,건물 및 계통의 충방전 우선순위를 고려하는 Ｖ２Ｘ­ＥＳＳ 연계 시스템 및 방법,10-2017-0127172,10-2433167,한국전력공사,Ⅱ. 혁신선도,1. 첨단 모빌리티,4
223,청주,강인한 적응적 공분산과 이차원 선분 특징을 이용한 다중 이차원 라이다의 자동 캘리브레이션 시스템,강인한 적응적 공분산과 이차원 선분 특징을 이용한 다중 이차원 라이다의 자동 캘리브레이션 시스템,10-2020-0188129,10-2364007,충북대학교 산학협력단,Ⅱ. 혁신선도,1. 첨단 모빌리티,4
224,안산,객체 인식 장치 및 객체 인식 방법,객체 인식 장치 및 객체 인식 방법,10-2019-0021695,10-2168038,한양대학교 에리카산학협력단,Ⅱ. 혁신선도,1. 첨단 모빌리티,5
225,천안아산,객체 추적 장치,객체 추적 시스템 및 방법,10-2017-0180103,10-2198809,한국자동차연구원,Ⅱ. 혁신선도,1. 첨단 모빌리티,5
226,천안아산,객체 추적 장치,엣지 컴퓨팅 기반 도로 사용 객체 추적 시스템 및 방법,10-2021-0014702,10-2302132,한국자동차연구원,Ⅱ. 혁신선도,1. 첨단 모빌리티,5
227,광주,"광학 모듈의 자외선 흡수 및 근적외선 투과를 위한 광학 코팅 구조 및 그의 코팅 방법, 광학 모듈의 자외선 흡수 및 근적외선 투과를 위한 광학 코팅 장치","광학 모듈의 자외선 흡수 및 근적외선 투과를 위한 광학 코팅 구조 및 그의 코팅 방법, 광학 모듈의 자외선 흡수 및 근적외선 투과를 위한 광학 코팅 장치",10-2021-0105916,,한국광기술원,Ⅱ. 혁신선도,1. 첨단 모빌리티,5
228,진주,구동 드라이버의 손상을 방지하는 모터 구동법,모터 구동방법,10-2016-0027170,10-1725484,서강대학교 산학협력단,Ⅱ. 혁신선도,1. 첨단 모빌리티,4
229,진주,구동모터의 소비에너치 추정 기술,구동장치의 에너지 소비 추정 장치 및 방법,10-2017-0013963,10-1873214,경상국립대학교 산학협력단,Ⅱ. 혁신선도,1. 첨단 모빌리티,4
230,천안아산,네트워크 공격 신호 차단 방법,차량 네트워크 공격 신호 차단 장치 및 방법,10-2017-0118042,10-2081690,한국자동차연구원,Ⅱ. 혁신선도,1. 첨단 모빌리티,5
231,광주,도로 결빙 현상 알림을 제공하는 차량 제어 시스템 및 그것의 제어방법,도로 결빙 현상 알림을 제공하는 차량 제어 시스템 및 그것의 제어방법,10-2020-0128874,10-2281891,전남대학교 산학협력단,Ⅱ. 혁신선도,1. 첨단 모빌리티,3
232,천안아산,동력전달장치,동력전달 장치,10-2017-0044785,10-2309645,한국자동차연구원,Ⅱ. 혁신선도,1. 첨단 모빌리티,5
233,울주,드론 충전 스테이션 및 그 작동 방법,드론 충전 스테이션 및 그 작동 방법,10-2021-0008249, ,울산과학기술원,Ⅱ. 혁신선도,1. 첨단 모빌리티,4
234,안산,라이다 센서 장치 및 제어 방법,라이다 센서 장치 및 제어 방법,10-2020-0032989,10-2387976,한양대학교 에리카산학협력단,Ⅱ. 혁신선도,1. 첨단 모빌리티,5
235,군산,로컬 디밍 방식의 엘이디 전조등 시스템 및 이의 제어방법,로컬 디밍 방식의 엘이디 전조등 시스템 및 이의 제어방법,10-2014-0105102,10-1595304,재단법인 자동차융합기술원,Ⅱ. 혁신선도,1. 첨단 모빌리티,6
236,군산,무선 애드혹 네트워크에서의 비율 기반 스케쥴링 방법,무선 애드혹 네트워크에서의 비율 기반 스케쥴링 방법,10-2012-0070268,10-1274729,군산대학교 산학협력단,Ⅱ. 혁신선도,1. 첨단 모빌리티,5
237,구미,무인항공기의 군집 내비게이션 방법,무인항공기의 군집 내비게이션 방법,10-2019-0162465,10-2258505,금오공과대학교 산학협력단,Ⅱ. 혁신선도,1. 첨단 모빌리티,4
238,대구,배달 라이더 안전 모니터링을 위한 GNSS 기반 3차원 추측항법 시스템,"차량 내부 센서, 카메라, 및 GNSS 단말기를 이용한 3차원 차량 항법 시스템",10-2017-0131623,10-2331312,대구경북과학기술원,Ⅱ. 혁신선도,1. 첨단 모빌리티,5
239,광주,배터리 수명 예측 시스템 및 방법,배터리 수명 예측 시스템 및 방법,10-2022-0046373,,한국자동차연구원,Ⅱ. 혁신선도,1. 첨단 모빌리티,4
240,천안아산,보행자 사고방지 장치,차량용 보행자 사고 방지 장치 및 방법,10-2018-0025691,10-2354862,한국자동차연구원,Ⅱ. 혁신선도,1. 첨단 모빌리티,5
241,청주,복수의 목적지들에 대한 최적 경로를 탐색하기 위한 방법 및 이를 위한 장치,복수의 목적지들에 대한 최적 경로를 탐색하기 위한 방법 및 이를 위한 장치,10-2020-0176314,10-2354580,충북대학교 산학협력단,Ⅱ. 혁신선도,1. 첨단 모빌리티,4
242,천안아산,브레이크 시스템,브레이크 패드 교체 경고 장치 및 방법,10-2018-0091653,10-2184951,한국자동차연구원,Ⅱ. 혁신선도,1. 첨단 모빌리티,3
243,천안아산,브레이크 시스템,브레이크 패드 상태 모니터링 장치 및 방법,10-2018-0091652,10-2179748,한국자동차연구원,Ⅱ. 혁신선도,1. 첨단 모빌리티,3
244,군산,상용차의 배터리 마운팅 어셈블리,상용차의 배터리 마운팅 어셈블리,10-2018-0017389,10-2033722,군산대학교 산학협력단,Ⅱ. 혁신선도,1. 첨단 모빌리티,4
245,진주,선택적으로 출입 통제가 가능한 볼라드,자동 볼라드,10-2016-0009866,10-1721186,서울과학기술대학교 산학협력단,Ⅱ. 혁신선도,1. 첨단 모빌리티,6
246,광주,수소전기차 안전기술,연료전지 차량용 냉각장치,10-2018-0066382,10-2042497,한국자동차연구원,Ⅱ. 혁신선도,1. 첨단 모빌리티,3
247,천안아산,스마트 네비게이션,차량 운전대 일체형 스마트 내비게이션,10-2014-0064827,10-2179579,한국자동차연구원,Ⅱ. 혁신선도,1. 첨단 모빌리티,4
248,천안아산,스마트자동차 편의기술,스마트키 권한 공유 시스템 및 그 방법,10-2019-0001810,10-2110768,한국자동차연구원,Ⅱ. 혁신선도,1. 첨단 모빌리티,2
249,천안아산,스마트자동차기술,차량을 영상으로 관리하는 방법 및 장치,10-2015-0150833,10-2372560,한국자동차연구원,Ⅱ. 혁신선도,1. 첨단 모빌리티,7
250,천안아산,실내 제어 시스템 및 방법,차량 사용목적 기반 실내 제어 시스템 및 그 방법,10-2021-0108462,10-2366107,한국자동차연구원,Ⅱ. 혁신선도,1. 첨단 모빌리티,5
251,천안아산,알루미늄 주조,알루미늄 주조-전신재 겸용 합금 및 그 제조방법,10-2016-0048741,10-2333996,한국자동차연구원,Ⅱ. 혁신선도,1. 첨단 모빌리티,5
252,천안아산,에이전트 시스템,스마트 운전 에이전트 시스템 및 방법,10-2018-0070170,10-2136400,한국자동차연구원,Ⅱ. 혁신선도,1. 첨단 모빌리티,3
253,군산,연료전지 스택의 분산형 체결 구조,연료전지 스택의 분산형 체결 구조,10-2019-0041685,10-2082795,군산대학교 산학협력단,Ⅱ. 혁신선도,1. 첨단 모빌리티,6
254,천안아산,원심 주조 장치,수평형 진공 원심 주조 장치 및 방법,10-2017-0070900,10-2259023,한국자동차연구원,Ⅱ. 혁신선도,1. 첨단 모빌리티,5
255,창원,위상배열안테나를 이용한 드론 배터리 무선충전 방법 및 시스템,위상배열안테나를 이용한 드론 배터리 충전 방법 및 그 시스템,10-2020-0144995, ,한국전기연구원,Ⅱ. 혁신선도,1. 첨단 모빌리티,5
256,군산,유압실린더를 이용한 상용차용 쉬프트 액추에이터 부하 모사장치,유압실린더를 이용한 상용차용 쉬프트 액추에이터 부하 모사장치,10-2011-0139404,10-1284165,재단법인 자동차융합기술원,Ⅱ. 혁신선도,1. 첨단 모빌리티,5
257,안산,육각판상 형태의 페라이트 구조체 및 그 제조방법,육각판상 형태의 페라이트 구조체 및 그 제조방법,10-2019-0150187,10-2234488,한양대학교 에리카산학협력단,Ⅱ. 혁신선도,1. 첨단 모빌리티,5
258,광주,이동체 정보표시 장치,이동체 정보표시 장치,10-2022-0041168,,한국자동차연구원,Ⅱ. 혁신선도,1. 첨단 모빌리티,4
259,군산,자동차 알터네이터 정류시스템,자동차 알터네이터 정류시스템,10-2017-0120319,10-2031564,재단법인 자동차융합기술원,Ⅱ. 혁신선도,1. 첨단 모빌리티,5
260,안산,자성 입자 및 이의 제조 방법,자성 입자 및 이의 제조 방법,10-2020-0134401,10-2367537,한양대학교 에리카산학협력단,Ⅱ. 혁신선도,1. 첨단 모빌리티,5
261,광주,자율 주행 차량의 스마트 제어 시스템 및 방법,자율 주행 차량의 스마트 제어 시스템 및 방법,10-2020-0155790, ,전남대학교 산학협력단,Ⅱ. 혁신선도,1. 첨단 모빌리티,3
262,안산,자율주행 차량의 판단 시스템,자율주행 차량의 판단 시스템,10-2020-0097779,10-2382114,한양대학교 에리카산학협력단,Ⅱ. 혁신선도,1. 첨단 모빌리티,5
263,천안아산,자율협력주행 방법,차량-도로인프라 정보융합 기반 자율협력주행 방법 및 시스템,10-2019-0012307,10-2303716,한국자동차연구원,Ⅱ. 혁신선도,1. 첨단 모빌리티,3
264,광주,적외광 투과 유리 조성물 제조를 위한 용기 냉각 장치,적외광 투과 유리 조성물 제조를 위한 용기 냉각 장치,10-2020-0163389,10-2397101,한국광기술원,Ⅱ. 혁신선도,1. 첨단 모빌리티,5
265,천안아산,전력기반자동차 기술,배터리 팩 적용 전기자동차 일충전 주행거리 평가 방법 및 시스템,10-2019-0022117,10-2244080,한국자동차연구원,Ⅱ. 혁신선도,1. 첨단 모빌리티,5
266,천안아산,전력기반자동차 기술,전기자동차 일충전 주행거리 평가 방법 및 시스템,10-2019-0022116,10-2225350,한국자동차연구원,Ⅱ. 혁신선도,1. 첨단 모빌리티,5
267,진주,전장품 고장 진단 기술,"저전압 DC-DC 컨버터를 위한 통합형 고장진단 제어장치 및 방법, 그리고 이를 위한 컴퓨터로 판독가능한 기록매체",10-2014-0128824,10-1625864,국민대학교 산학협력단,Ⅱ. 혁신선도,1. 첨단 모빌리티,4
268,안산,점 전하 척력 모델을 이용한 포인트 클라우드 재추출 장치 및 방법,점 전하 척력 모델을 이용한 포인트 클라우드 재추출 장치 및 방법,10-2021-0155845, ,한양대학교 에리카산학협력단,Ⅱ. 혁신선도,1. 첨단 모빌리티,5
269,대구,정밀 공간정보 구축을 위한 3차원 지도 생성 시스템,3차원 지도 생성 장치 및 3차원 지도 생성 방법,10-2012-0120523,10-1544021,경북대학교 산학협력단,Ⅱ. 혁신선도,1. 첨단 모빌리티,5
270,청주,정밀지도를 이용한 라이다 센서 캘리브레이션 방법,정밀지도를 이용한 라이다 센서 캘리브레이션 방법,10-2020-0175047,10-2431904,충북대학교 산학협력단,Ⅱ. 혁신선도,1. 첨단 모빌리티,4
271,천안아산,주행경로 가변화 방법,주행상황 정보융합 기반 주행경로 가변화 방법 및 시스템,10-2019-0001876,10-2287136,한국자동차연구원,Ⅱ. 혁신선도,1. 첨단 모빌리티,3
272,안산,증강현실과 가상현실 간 전환 방법,증강현실과 가상현실 간 전환 방법,10-2016-0094766,10-1848149,한양대학교 에리카산학협력단,Ⅱ. 혁신선도,1. 첨단 모빌리티,5
273,군산,짝꿍 로터치형 생성방법 및 이 생성방법에 따라 제작된 짝꿍 로터,짝꿍 로터치형 생성방법 및 이 생성방법에 따라 제작된 짝꿍 로터,10-2018-0135347,10-2040416,군산대학교 산학협력단,Ⅱ. 혁신선도,1. 첨단 모빌리티,6
274,천안아산,차량 비상등 제어,차량의 비상등 제어 장치 및 방법,10-2019-0083320,10-2202981,한국자동차연구원,Ⅱ. 혁신선도,1. 첨단 모빌리티,4
275,천안아산,차량 주행 시험 방법,드라이빙 시뮬레이션 장치 및 방법,10-2014-0039213,10-2186271,한국자동차연구원,Ⅱ. 혁신선도,1. 첨단 모빌리티,4
276,군산,차량 충돌 관리 방법 및 시스템,차량 충돌 관리 방법 및 시스템,10-2011-0048227,10-1286160,군산대학교 산학협력단,Ⅱ. 혁신선도,1. 첨단 모빌리티,5
277,천안아산,차량간 통신 시스템,차량 간 통신 환경에서의 이상 메시지 처리 시스템 및 방법,10-2018-0152561,10-2254509,한국자동차연구원,Ⅱ. 혁신선도,1. 첨단 모빌리티,7
278,천안아산,차량부품 충격량 측정,차량부품의 충격량 측정 장치 및 방법,10-2016-0178557,10-2333940,한국자동차연구원,Ⅱ. 혁신선도,1. 첨단 모빌리티,3
279,군산,차량쏠림 평가방법과 이를 이용한 차량쏠림 방지방법 및 방지시스템,차량쏠림 평가방법과 이를 이용한 차량쏠림 방지방법 및 방지시스템,10-2013-0142659,10-1396048,군산대학교 산학협력단,Ⅱ. 혁신선도,1. 첨단 모빌리티,5
280,군산,차량용 메시지 표시장치 및 그 방법,차량용 메시지 표시장치 및 그 방법,10-2016-0140803,10-2235368,군산대학교 산학협력단,Ⅱ. 혁신선도,1. 첨단 모빌리티,5
281,군산,차량용 보조히터 장치,차량용 보조히터 장치,10-2017-0156357,10-2060346,재단법인 자동차융합기술원,Ⅱ. 혁신선도,1. 첨단 모빌리티,5
282,천안아산,차선관리 방법,차량-도로인프라 정보융합 기반 차선관리 방법 및 시스템,10-2019-0012306,10-2264265,한국자동차연구원,Ⅱ. 혁신선도,1. 첨단 모빌리티,3
283,천안아산,차선관리 방법,다차량 주행 정보 기반 차선 관리 방법 및 시스템,10-2019-0012308,10-2269625,한국자동차연구원,Ⅱ. 혁신선도,1. 첨단 모빌리티,4
284,천안아산,초고장력 강판 냉간 성형 기술,초고강도 강판용 가열장치 및 이를 이용한 초고강도 강판의 성형방법,10-2016-0043705,10-2379461,한국자동차연구원,Ⅱ. 혁신선도,1. 첨단 모빌리티,3
285,천안아산,캘리퍼 장치,모듈식 브레이크 캘리퍼 장치,10-2016-0105508,10-2093210,한국자동차연구원,Ⅱ. 혁신선도,1. 첨단 모빌리티,3
286,군산,탱크를 이용한 상용차용 차체 프레임의 구조,탱크를 이용한 상용차용 차체 프레임의 구조,10-2018-0126050,10-1947480,군산대학교 산학협력단,Ⅱ. 혁신선도,1. 첨단 모빌리티,5
287,천안아산,튜닝 장치,차량의 디자인 튜닝 장치 및 방법,10-2017-0106473,10-2082369,한국자동차연구원,Ⅱ. 혁신선도,1. 첨단 모빌리티,4
288,천안아산,폴리이미드 필름 제조,나노 실리케이트 입자를 이용한 저유전률 폴리이미드 필름 및 그 제조 방법,10-2018-0103404,10-2167968,한국자동차연구원,Ⅱ. 혁신선도,1. 첨단 모빌리티,4
289,안산,하이브리드 유체 베어링,하이브리드 유체 베어링,10-2020-0153367,10-2463091,한양대학교 에리카산학협력단,Ⅱ. 혁신선도,1. 첨단 모빌리티,5
290,진주,화재 감지 소자 및 이를 구비하는 적외선 감지센서,화재 감지 소자 및 이를 구비하는 적외선 감지센서,10-2016-0150183,10-1834833,경상국립대학교 산학협력단,Ⅱ. 혁신선도,1. 첨단 모빌리티,3
291,창원,2차 전지용 3차원 전극 구조체 및 이의 제조 방법,2차 전지용 3차원 전극 구조체 및 이의 제조 방법,10-2019-0135321,10-2282907,한국전기연구원,Ⅱ. 혁신선도,2. 이차전지,5
292,나주,Pcs 효율을 고려한 마이크로그리드 운영장치 및 운영방법,PCS 효율을 고려한 마이크로그리드 운영장치 및 운영방법,10-2016-0118018,10-1795301,한국전력공사,Ⅱ. 혁신선도,2. 이차전지,4
293,대구,PEM 연료전지 기초기술을 활용한 휴대용 발전기 제조 기술,PEM 연료전지,10-2021-0117250,,대구경북과학기술원,Ⅱ. 혁신선도,2. 이차전지,6
294,안산,고체 전해질 및 그 제조 방법,고체 전해질 및 그 제조 방법,10-2019-0044579,10-2197742,한양대학교 에리카산학협력단,Ⅱ. 혁신선도,2. 이차전지,5
295,창원,고체전해질 또는 전고체셀 특성측정장치 기술,고체전해질 및 전고체의 전기화학적 특성 평가 시스템,10-2022-0095901,,한국전기연구원,Ⅱ. 혁신선도,2. 이차전지,4
296,나주,과도안정도 상태에 따른 ｅｓｓ 제어 장치 및 그 방법,과도안정도 상태에 따른 ＥＳＳ 제어 장치 및 그 방법,10-2017-0054240,10-1787320,한국전력공사,Ⅱ. 혁신선도,2. 이차전지,4
297,광주,다성분 나노결정 실리콘합금 음극재,"리튬이차전지용 음극활물질 제조방법, 리튬이차전지용 음극활물질, 리튬이차전지용 음극 및 이를 포함하는 리튬이차전지",10-2018-0147575,10-2218030,한국생산기술연구원,Ⅱ. 혁신선도,2. 이차전지,4
298,나주,독립계통에서의 하이브리드 발전소 운영 방법 및 시스템,독립계통에서의 하이브리드 발전소 운영 방법 및 시스템,10-2021-0121229,,한국전력공사,Ⅱ. 혁신선도,2. 이차전지,4
299,나주,독립형 마이크로그리드 시스템,독립형 마이크로그리드 시스템,10-2014-0194693,10-1699135,한국전력공사,Ⅱ. 혁신선도,2. 이차전지,4
300,나주,독립형 마이크로그리드 운영 장치 및 방법,독립형 마이크로그리드 운영 장치 및 방법,10-2015-0124783,10-1704252,한국전력공사,Ⅱ. 혁신선도,2. 이차전지,4
301,전북,두부제조폐기물의 수소 생산을 활용한 고체 산화물 연료전지(SOFC) 시스템 개발,메조기공이 형성된 다공성 탄소재료의 제조방법 및 이를 이용하여 제조된 연료전지용 촉매의 담지체,10-2010-0113661,10-1206913,한국에너지기술연구원,Ⅱ. 혁신선도,2. 이차전지,5
302,창원,리튬-황 전지용 플렉시블 전극 제조기술,리튬-황 전지용 플렉시블 전극 및 이의 제조 방법,10-2020-0036200, ,한국전기연구원,Ⅱ. 혁신선도,2. 이차전지,4
303,나주,마이크로 그리드 운영장치,마이크로그리드 운영 장치,10-2020-0158067, ,한국전력공사,Ⅱ. 혁신선도,2. 이차전지,4
304,나주,마이크로그리드 시스템 및 마이크로그리드 시스템 제어 방법,마이크로그리드 시스템 및 마이크로그리드 시스템 제어 방법,10-2020-0119211, ,한국전력공사,Ⅱ. 혁신선도,2. 이차전지,4
305,나주,마이크로그리드용 에너지 저장 장치에 대한 운영 장치 및 방법,마이크로그리드용 에너지 저장 장치에 대한 운영 장치 및 방법,10-2016-0136596,10-1827158,한국전력공사,Ⅱ. 혁신선도,2. 이차전지,4
306,광주,바이오흡착제를 이용한 리튬 회수방법,미생물 흡착제 및 이를 이용한 리튬의 연속 회수 방법,10-2018-0004636,10-2073201,한국에너지기술연구원,Ⅱ. 혁신선도,2. 이차전지,3
307,군산,배터리 성능 최적화를 통한 배터리 관리장치 개발,패시브 밸런싱을 통한 배터리 관리 장치 및 동작 방법,10-2020-0026460,10-2347275,충북대학교 산학협력단,Ⅱ. 혁신선도,2. 이차전지,4
308,군산,비스피롤리디늄 염 화합물을 포함하는 유기 이온성 결정물질,"비스피롤리디늄 염 화합물을 포함하는 유기 이온성 결정물질, 이의 제조방법, 이를 포함하는 이차전지용 전해질 및 이차전지용 전해질을 포함하는 장치",10-2019-0154441,10-2139215,군산대학교 산학협력단,Ⅱ. 혁신선도,2. 이차전지,6
309,천안아산,스마트 릴레이 기술,릴레이 구동 장치 및 방법,10-2019-0022906,10-2142459,한국자동차연구원,Ⅱ. 혁신선도,2. 이차전지,4
310,대구,신경망 모델뱅크를 기반으로 리튬 배터리의 전기이륜차 BMS 및 고용량 배터리 기술,신경망 모델뱅크를 기반으로 리튬 배터리의 온라인 충전 상태 및 건강상태 추정방법 및 시스템,10-2022-0092825,,경북대학교 산학협력단,Ⅱ. 혁신선도,2. 이차전지,6
311,나주,실시간 전력계통 상황에 기반한 에너지저장장치의 운영 시스템 및 방법,실시간 전력계통 상황에 기반한 에너지저장장치의 운영 시스템 및 방법,10-2013-0115922,10-1493785,한국전력공사,Ⅱ. 혁신선도,2. 이차전지,4
312,대구,심층신경회로망을 이용한 리튬이온 배터리 상태 추정 시스템,배터리의 상태 모니터링 방법 및 장치,10-2019-0129318,10-2259643,경북대학교 산학협력단,Ⅱ. 혁신선도,2. 이차전지,5
313,나주,에너지 관리 장치 및 그 방법,에너지 관리 장치 및 그 방법,10-2011-0098379,10-1787108,한국전력공사,Ⅱ. 혁신선도,2. 이차전지,4
314,천안아산,에너지 저장 시스템 관리,에너지 저장 시스템의 모듈라 잔존수명 파라미터 업데이트 장치 및 방법,10-2019-0068869,10-2178748,한국자동차연구원,Ⅱ. 혁신선도,2. 이차전지,5
315,천안아산,에너지 저장 시스템 관리,에너지 저장 시스템에서의 모듈라 관리 장치 및 방법,10-2019-0056569,10-2259852,한국자동차연구원,Ⅱ. 혁신선도,2. 이차전지,4
316,나주,에너지 저장 시스템의 비상 제어 장치 및 그 방법,에너지 저장 시스템의 비상 제어 장치 및 그 방법,10-2012-0100148,10-1856628,한국전력공사,Ⅱ. 혁신선도,2. 이차전지,4
317,나주,에너지 저장 장치 운영 장치 및 방법,에너지 저장 장치 운영 장치 및 방법,10-2013-0109547,10-2090108,한국전력공사,Ⅱ. 혁신선도,2. 이차전지,4
318,나주,에너지 저장장치를 포함한 전력계통의 운영장치,에너지 저장장치를 포함한 전력계통의 운영장치,10-2015-0124992,10-1703296,한국전력공사,Ⅱ. 혁신선도,2. 이차전지,4
319,나주,에너지 저장장치의 진단 장치 및 방법,에너지 저장장치의 진단 장치 및 방법,10-2018-0038413,10-1995227,한국전력공사,Ⅱ. 혁신선도,2. 이차전지,4
320,나주,에너지저장시스템 상호 전력공유 서비스를 위한 에너지인터넷 플랫폼 제공 장치 및 그 방법,에너지저장시스템 상호 전력공유 서비스를 위한 에너지인터넷 플랫폼 제공 장치 및 그 방법,10-2017-0068548,10-1852722,한국전력공사,Ⅱ. 혁신선도,2. 이차전지,4
321,나주,에너지저장시스템의 dc 버스 불균형 제어 회로,에너지저장시스템의 DC 버스 불균형 제어 회로,10-2014-0131375,10-1592227,한국전력공사,Ⅱ. 혁신선도,2. 이차전지,4
322,나주,열에너지 저장장치,열에너지 저장장치,10-2013-0116531,10-2054128,한국전력공사,Ⅱ. 혁신선도,2. 이차전지,4
323,나주,염료감응 태양전지 제조 기술,염료감응 태양전지 및 그 제조방법,10-2009-0104201,10-1083310,한국전력공사,Ⅱ. 혁신선도,2. 이차전지,5
324,천안아산,원격 센싱형 배터리 센서,원격 센싱형 배터리 센서의 운용이 가능한 중앙관리시스템 및 이의 운용 방법,10-2018-0161037,10-2166092,한국자동차연구원,Ⅱ. 혁신선도,2. 이차전지,5
325,천안아산,유량 제어 시스템,밸브 개도 조절을 이용한 유량 제어 시스템 및 그 방법,10-2019-0052092,10-2105913,한국자동차연구원,Ⅱ. 혁신선도,2. 이차전지,4
326,안산,자립형 고체전해질 복합체 시트의 제조 방법 및 자립형 고체전해질 복합체 시트가 구비된 전고체 전지,자립형 고체전해질 복합체 시트의 제조 방법 및 자립형 고체전해질 복합체 시트가 구비된 전고체 전지,10-2021-0135563,10-2379142,한양대학교 에리카산학협력단,Ⅱ. 혁신선도,2. 이차전지,5
327,천안아산,전기자동차용 충전장치 및 그 제어방법,"전기자동차 충전이 가능한 공용 충전장치, 그 충전장치의 플러그 및 콘센트",10-2019-0173164,10-2378042,한국자동차연구원,Ⅱ. 혁신선도,2. 이차전지,5
328,나주,전력계통의 주파수 제어 방법,전력계통의 주파수 제어 방법,10-2015-0136307,10-1697348,한국전력공사,Ⅱ. 혁신선도,2. 이차전지,4
329,천안아산,전력기반자동차기술,연료전지용 분리판,10-2020-0041356,10-2327544,한국자동차연구원,Ⅱ. 혁신선도,2. 이차전지,3
330,천안아산,전력기반자동차기술,충전 커넥터 변환 장치,10-2019-0173163,10-2281663,한국자동차연구원,Ⅱ. 혁신선도,2. 이차전지,4
331,천안아산,전력기반자동차기술,최대 전력사용이 가능한 전기자동차 충전 장치 및 방법,10-2019-0127093,10-2259780,한국자동차연구원,Ⅱ. 혁신선도,2. 이차전지,4
332,천안아산,전력기반자동차기술,전기자동차용 충전장치 및 그 제어방법,10-2018-0075040,10-2126653,한국자동차연구원,Ⅱ. 혁신선도,2. 이차전지,4
333,천안아산,전력기반자동차기술,전기차용 충전 커넥터 잠금 장치 및 그 제어 방법,10-2019-0097719,10-2275982,한국자동차연구원,Ⅱ. 혁신선도,2. 이차전지,4
334,천안아산,전력기반자동차기술,통합 인버터 시스템의 배터리 충전 장치 및 방법,10-2018-0017944,10-2161531,한국자동차연구원,Ⅱ. 혁신선도,2. 이차전지,4
335,천안아산,전력기반자동차기술,전기자동차용 충전장치 및 그 제어방법,10-2018-0073848,10-2138096,한국자동차연구원,Ⅱ. 혁신선도,2. 이차전지,4
336,천안아산,전력기반자동차기술,비상 충전을 위한 전기차 충전 장치 및 방법,10-2018-0016066,10-2117907,한국자동차연구원,Ⅱ. 혁신선도,2. 이차전지,3
337,천안아산,전력기반자동차기술,차량용 태양광 패널 제어 장치,10-2019-0173165,10-2271183,한국자동차연구원,Ⅱ. 혁신선도,2. 이차전지,4
338,천안아산,전력기반자동차기술,연료전지 차량의 응축수 배출장치 및 그 제어방법,10-2017-0079306,10-2304546,한국자동차연구원,Ⅱ. 혁신선도,2. 이차전지,2
339,천안아산,전력기반자동차기술,연료전지 차량의 공조 장치 및 방법,10-2017-0079304,10-2082857,한국자동차연구원,Ⅱ. 혁신선도,2. 이차전지,3
340,창원,전력반도체용 SiC 소재 결함 분석/평가 기술,반도체 소자 신뢰성 시험장치 및 그의 구동방법,10-2021-0139839,10-2436931,한국전기연구원,Ⅱ. 혁신선도,2. 이차전지,5
341,나주,전력저장시스템의 충방전 분배장치 및 그 방법,전력저장시스템의 충방전 분배장치 및 그 방법,10-2012-0104896,10-1822824,한국전력공사,Ⅱ. 혁신선도,2. 이차전지,4
342,광주,"천연 기판 상에 다공성 전극 구조체를 형성하는 방법, 상기 방법으로 제조된 다공성 전극 구조체 및 이를 포함하는 천연 에너지 저장 장치","천연 기판 상에 다공성 전극 구조체를 형성하는 방법, 상기 방법으로 제조된 다공성 전극 구조체 및 이를 포함하는 천연 에너지 저장 장치",10-2020-0167068,10-2441517,국민대학교 산학협력단,Ⅱ. 혁신선도,2. 이차전지,5
343,나주,초전도 기기의 냉각 시스템,초전도 기기의 냉각 시스템,10-2015-0071790,10-2337181,한국전력공사,Ⅱ. 혁신선도,2. 이차전지,4
344,나주,축열장치 및 그 운전방법,축열장치 및 그 운전방법,10-2011-0059624,10-1488903,한국전력공사,Ⅱ. 혁신선도,2. 이차전지,4
345,군산,충전 및 방전 성능이 향상된 금속 공기 이차전지용 양극 및 이의 제조방법,충전 및 방전 성능이 향상된 금속 공기 이차전지용 양극 및 이의 제조방법,10-2015-0063083,10-1793477,군산대학교 산학협력단,Ⅱ. 혁신선도,2. 이차전지,5
346,울주,침지배터리 및 이를 포함하는 배터리 모듈,침지배터리 및 이를 포함하는 배터리 모듈,10-2021-0055239,10-2355919,울산과학기술원,Ⅱ. 혁신선도,2. 이차전지,4
347,나주,태양광 발전 시스템 기술,태양광 발전설비 관리 시스템 및 방법,10-2018-0166955,10-2145155,한국전력공사,Ⅱ. 혁신선도,2. 이차전지,4
348,나주,태양광 충전 LED 점멸부를 갖는 수평유지 가능한 어구표시기,태양광 충전 LED 점멸부를 갖는 수평유지 가능한 어구표시기,10-2014-0063447,10-1453759,대한민국(국립수산과학원),Ⅱ. 혁신선도,2. 이차전지,4
349,나주,태양광 태양열 리시버와 집광형 태양광 에너지 변환 시스템 및 그 방법,"태양광 태양열 리시버와, 집광형 태양광 에너지 변환 시스템 및 그 방법",10-2016-0175870,10-1893269,"한국전력공사,한국광기술원",Ⅱ. 혁신선도,2. 이차전지,4
350,구미,하이브리드 VARMA 및 LSTM을 이용한 배터리의 출력 전압 응답 및 충전 상태 예측 최적화 방법,하이브리드 VARMA 및 LSTM을 이용한 배터리의 출력 전압 응답 및 충전 상태 예측 최적화 방법,10-2019-0118853,10-2246633,금오공과대학교 산학협력단,Ⅱ. 혁신선도,2. 이차전지,4
351,나주,황류터빈을 이용한 가변 수주진동형 파력 발전장치,횡류터빈을 이용한 가변 수주진동형 파력 발전장치,10-2012-0109562,10-1377281,한국전력공사,Ⅱ. 혁신선도,2. 이차전지,4
352,광주,DMD기반 가시광-근적외선 대역 초분광 이미징 광학계 및 인터페이스 기술,초분광 이미징 공간 분해능 향상이 가능한 광학 시스템 및 이를 이용한 광정렬 방법,10-2021-0017606, ,한국전자통신연구원,Ⅱ. 혁신선도,3. 반도체·디스플레이,5
353,창원,WBG 전력반도체 구동 집적회로,전력용 MOSFET 게이트 구동회로,10-2017-0089285,10-2284186,한국전기연구원,Ⅱ. 혁신선도,3. 반도체·디스플레이,5
354,창원,고주파를 이용한 인덕션 히터에 의해 온수를 가열하는 소형구조 기술,소형 구조의 인덕션 온수장치,20-2020-0000934, ,한국전기연구원,Ⅱ. 혁신선도,3. 반도체·디스플레이,7
355,진주,그래핀의 품질 평가방법,그래핀의 품질 평가 방법,10-2020-0185690,10-2464089,서울대학교 산학협력단,Ⅱ. 혁신선도,3. 반도체·디스플레이,3
356,창원,금속산화물을 이용한 세라믹 소자 및 이의 제조방법,금속산화물을 이용한 세라믹소자 및 이의 제조방법,10-2019-0104197, ,한국전기연구원,Ⅱ. 혁신선도,3. 반도체·디스플레이,5
357,군산,다기능 어태치먼트 및 이를 포함하는 건설장비,다기능 어태치먼트 및 이를 포함하는 건설장비,10-2016-0160578,10-1816456,재단법인 건설기계부품연구원,Ⅱ. 혁신선도,3. 반도체·디스플레이,5
358,대구,대용량 입출력을 지원하는 저장장치에 기반한 프렌차이즈 플랫폼 지원 가상 메모리 시스템 기술,대용량 입출력을 지원하는 저장장치에 기반한 가상 메모리 시스템,10-2015-0026656,10-1635704,영남대학교 산학협력단,Ⅱ. 혁신선도,3. 반도체·디스플레이,5
359,구미,디지털 트윈을 이용한 UWB 기반 스마트 팩토리 산업 재해 방지 시스템,스마트 팩토리 재난 안전관리 시스템,10-2018-0067651,10-2074669,금오공과대학교 산학협력단,Ⅱ. 혁신선도,3. 반도체·디스플레이,6
360,대구,마대 자동 포장장치 제조 기술,마대 자동 포장장치,10-2019-0103951,10-2321976,(재)대구기계부품연구원,Ⅱ. 혁신선도,3. 반도체·디스플레이,5
361,김해,마이크로파 및 네블라이저를 이용한 용액 공정 장치,마이크로파 및 네블라이저를 이용한 용액 공정 장치,10-2017-0065501,10-2370369,인제대학교 산학협력단,Ⅱ. 혁신선도,3. 반도체·디스플레이,4
362,나주,무선전력공급형 LED등기구 및 상기 LED등기구가 설치된 전력구,무선전력공급형 LED등기구 및 상기 LED등기구가 설치된 전력구,10-2016-0160629,10-1949695,한국전력공사,Ⅱ. 혁신선도,3. 반도체·디스플레이,4
363,군산,바람 가이드 및 이를 구비하는 건물 풍력 발전기,바람 가이드 및 이를 구비하는 건물 풍력 발전기,10-2012-0021505,10-1178031,군산대학교 산학협력단,Ⅱ. 혁신선도,3. 반도체·디스플레이,5
364,전북,발전 비용 및 성능이 향상된 풍력발전기 전력제어 방법 개발,풍력발전기용 직접전력제어 방법,10-2015-0150730,10-1705467,전북대학교 산학협력단,Ⅱ. 혁신선도,3. 반도체·디스플레이,4
365,대구,부하 센서가 장착된 스핀들 장치 제작 기술,부하 센서가 장착된 스핀들 장치,10-2009-0130827,10-1127213,(재)대구기계부품연구원,Ⅱ. 혁신선도,3. 반도체·디스플레이,5
366,청주,서버 기반 부품 검사방법 및 그를 위한 시스템 및 장치,서버 기반 부품 검사방법 및 그를 위한 시스템 및 장치,10-2019-0061449,10-2174424,충북대학교 산학협력단,Ⅱ. 혁신선도,3. 반도체·디스플레이,4
367,인천서구,수도 관망 내에서의 누수 여부를 모니터링하는 누수 모니터링 장치,수도 관망 내에서의 누수 여부를 모니터링하는 누수 모니터링 장치 및 그 동작 방법,10-2020-0149892,10-2476941,인천대학교 산학협력단,Ⅱ. 혁신선도,3. 반도체·디스플레이,4
368,군산,신재생 에너지 발전 시스템에서 적외선 카메라를 이용한 고장 진단 장치 및 이를 위한 방법,신재생 에너지 발전 시스템에서 적외선 카메라를 이용한 고장 진단 장치 및 이를 위한 방법,10-2012-0087054,10-1194906,군산대학교 산학협력단,Ⅱ. 혁신선도,3. 반도체·디스플레이,5
369,창원,실내온도 및 습도 제어 창문 자동 개폐 시스템 기술,냉방부하 절감을 위한 창문 자동 개폐 시스템,10-2018-0112399,10-2032860,창원대학교 산학협력단,Ⅱ. 혁신선도,3. 반도체·디스플레이,5
370,창원,아민계 폴리머를 포함한 다이오드 제조 방법,아민계 폴리머를 포함한 다이오드 제조방법,10-2015-0144561,10-2311791,한국전기연구원,Ⅱ. 혁신선도,3. 반도체·디스플레이,5
371,창원,연도열을 이용한 스스로 발전형 정전집진 장치,연도열을 이용한 스스로 발전형 정전집진 장치,10-2017-0096661,10-2296269,한국전기연구원,Ⅱ. 혁신선도,3. 반도체·디스플레이,5
372,창원,용매치환법에 의한 차세대 황화물계 고체 전해질 입도 제어기술,황화물계 고체전해질의 제조방법 및 이로부터 제조되는 황화물계 고체전해질,10-2020-0085856, ,한국전기연구원,Ⅱ. 혁신선도,3. 반도체·디스플레이,5
373,안산,"전기변색 소자 및 그 제조 방법, 그리고 전기변색 소자용 전해질","전기변색 소자 및 그 제조 방법, 그리고 전기변색 소자용 전해질",10-2017-0172989,10-2022784,한양대학교 에리카산학협력단,Ⅱ. 혁신선도,3. 반도체·디스플레이,5
374,광주,전도성 고분자를 포함하는 투명전극소재 및 그 제조방법,전도성 고분자를 포함하는 투명전극소재 및 그 제조방법,10-2019-0160383,10-2302713,동아대학교 산학협력단,Ⅱ. 혁신선도,3. 반도체·디스플레이,5
375,구미,주소형 화재감지장치,디지털 아날로그 변환부로 제어되는 전압제어 전류원을 이용한 주소형 화재감지장치,10-2017-0000530,10-1916452,금오공과대학교 산학협력단,Ⅱ. 혁신선도,3. 반도체·디스플레이,3
376,창원,직류(DC)전압 검전기,비접촉 직류 전계 센서,10-2022-0118453,,한국전기연구원,Ⅱ. 혁신선도,3. 반도체·디스플레이,3
377,울주,초고밀도 메모리 및 멀티레벨 메모리 소자 및 그 제조방법,"초고밀도 메모리 및 멀티레벨 메모리 소자, 및 그 제조 방법",10-2021-0018617, ,울산과학기술원,Ⅱ. 혁신선도,3. 반도체·디스플레이,4
378,광주,초소형 부품의 실시간 인라인 불량검출 기술,제품 표면의 품질 검사를 수행하기 위한 장치 및 방법,10-2021-0161458,,한국전자통신연구원,Ⅱ. 혁신선도,3. 반도체·디스플레이,8
379,전북,콜레스테릭 액정을 이용한 고명암 대비율 광등방성 액정 표시소자를 활용한 PDLC 스마트 윈도우 개발,콜레스테릭 액정을 이용한 고명암 대비율 광등방성 액정 표시소자 및 이의 제조방법,10-2017-0064453,10-1846782,전북대학교 산학협력단,Ⅱ. 혁신선도,3. 반도체·디스플레이,4
380,창원,트렌치 게이트형 SiC MOSFET 디바이스 및 그 제조 방법,트렌치 게이트형 ＳｉＣ ＭＯＳＦＥＴ 디바이스 및 그 제조 방법,10-2020-0069145,10-2330787,한국전기연구원,Ⅱ. 혁신선도,3. 반도체·디스플레이,4
381,군산,풍력 터빈의 전역적 전력 조정 방법 및 그 시스템,풍력 터빈의 전역적 전력 조정 방법 및 그 시스템,10-2017-0068175,10-1939908,군산대학교 산학협력단,Ⅱ. 혁신선도,3. 반도체·디스플레이,5
382,포항,3D CNN을 이용한 영상인식,3D CNN을 이용한 고속 영상 인식 방법 및 장치,10-2019-0005188,10-2263017,포항공과대학교 산학협력단,Ⅲ. 필수기반,1. 인공지능,4
383,진주,AI 기반 소성 가공 공정 정보 구축 방법,AI 기반 소성 가공 공정 정보 구축 방법,10-2020-0006401,10-2311784,경상국립대학교 산학협력단,Ⅲ. 필수기반,1. 인공지능,5
384,구미,NFT를 활용한 영상제작 플랫폼의 구현을 위한 요소기술,분산 시스템의 신뢰성 및 보안성 향상을 위한 블록체인 기반의 데이터 공유방법,10-2020-0056181,10-2307973,금오공과대학교 산학협력단,Ⅲ. 필수기반,1. 인공지능,7
385,구미,개인 맞춤형 교과목 추천 방법 및 장치에 관한 기술,개인 맞춤형 교과목 추천 방법 및 그 장치,10-2015-0119285,10-1754723,건국대학교 산학협력단,Ⅲ. 필수기반,1. 인공지능,6
386,군산,공간 태그된 사진들의 컨텐츠에 기반한 클러스터링 방법 및 장치,공간 태그된 사진들의 컨텐츠에 기반한 클러스터링 방법 및 장치,10-2019-0171716,10-2269408,군산대학교 산학협력단,Ⅲ. 필수기반,1. 인공지능,5
387,춘천,굴절률을 통해 수분량을 측정하는 높은 정확도의 토양 수분 센서 ,굴절률을 통해 수분량을 측정하는 토양 수분 센서,10-2019-0121622,10-2233557,한밭대학교 산학협력단,Ⅲ. 필수기반,1. 인공지능,5
388,전북,다기능성 스마트 디바이스 거치장치 개발,웰슬립을 위한 모바일 미디어 스마트 거치장치,10-2021-0036903,10-2374019,전주대학교 산학협력단,Ⅲ. 필수기반,1. 인공지능,4
389,대덕,다양한 영상 조건에서의 딥러닝 기반 휴먼 행동 인식 기술,CCTV 영상 기반 이상 행동 감지 방법 및 이를 위한 장치,10-2020-0034430, ,한국전자통신연구원,Ⅲ. 필수기반,1. 인공지능,6
390,춘천,동작인식 기술 기반의 비대면 운동관리 디지털 헬스케어 서비스 제품 개발,휴먼 자세 추정 장치 및 방법,10-2020-0105426, ,한국전자통신연구원,Ⅲ. 필수기반,1. 인공지능,5
391,나주,디지털 트윈 기반의 설비 유지보수 가상화 시스템,디지털 트윈 기반의 설비 유지보수 가상화 시스템,10-2022-0038509,,목포대학교 산학협력단,Ⅲ. 필수기반,1. 인공지능,4
392,광주,딥러닝 기반 안전정보 제공 기술,안전정보제공 장치,10-2021-0040427, ,광주과학기술원,Ⅲ. 필수기반,1. 인공지능,1
393,인천서구,딥러닝에 기반한 대기환경 오염원 및 누출 사고 추적과 예방 시스템,딥러닝에 기반한 원격 감지를 위한 실시간 이미지 융합 장치 및 방법,10-2021-0192023,,인천대학교 산학협력단,Ⅲ. 필수기반,1. 인공지능,4
394,구미,마스크를 착용한 상황에서 신원 인식이 가능한 영상 기반 신원 인식 모델,마스크 환경에 적응 가능한 신원 인식 방법 및 이를 위한 장치,10-2020-0141359, ,한국전자통신연구원,Ⅲ. 필수기반,1. 인공지능,4
395,청주,머신러닝에 기초한 반도체 불량 시점 예측 장치 및 방법,머신러닝에 기초한 반도체 불량 시점 예측 장치 및 방법,10-2021-0075966,10-2384189,충북대학교 산학협력단,Ⅲ. 필수기반,1. 인공지능,4
396,김해,멤리스터 소자 및 이의 제조방법,멤리스터 소자 및 이의 제조방법,10-2021-0085873,10-2395031,인제대학교 산학협력단,Ⅲ. 필수기반,1. 인공지능,4
397,광주,보행경로예측장치,보행경로예측 장치,10-2020-0138701, ,광주과학기술원,Ⅲ. 필수기반,1. 인공지능,3
398,대덕,비 제약 영상에서의 사람/차량 식별 및 추적 AI 기술,이동경로 기반 객체 매핑 방법 및 장치,10-2020-0022670, ,한국전자통신연구원,Ⅲ. 필수기반,1. 인공지능,6
399,광주,비디오 영상의 시간축상 메디안 필터링 방법,비디오 영상의 시간축상 메디안 필터링 방법,10-2016-0176867,10-1799825,전남대학교 산학협력단,Ⅲ. 필수기반,1. 인공지능,3
400,광주,비접지 전원 계통의 절연 감시 장치,비접지 전원 계통의 절연 감시 장치,10-2021-0153064,,한국전자기술연구원,Ⅲ. 필수기반,1. 인공지능,6
401,진주,스마트 팜 환경 데이터의 보간 장치 및 그 방법,스마트 팜 환경 데이터의 보간 장치 및 그 방법,10-2019-0092032,10-2347535,"서울대학교 산학협력단,경상국립대학교 산학협력단",Ⅲ. 필수기반,1. 인공지능,5
402,인천서구,실내 결로 발생 시간을 예측하는 결로 예측 시스템 및 방법,실내 결로 발생 시간을 예측하는 결로 예측 시스템 및 방법,10-2019-0105963,10-2406311,인천대학교 산학협력단,Ⅲ. 필수기반,1. 인공지능,4
403,인천서구,실내공기오염저감 기능을 구비한 스마트 고양이 화장실,모래 교체 시기를 알려주는 고양이 화장실,10-2020-0179706, ,인천대학교 산학협력단,Ⅲ. 필수기반,1. 인공지능,4
404,구미,실시간 영상으로부터 화재 발생 여부를 인식하기 위해 딥러닝의 성능을 높이기 위한 전처리 기술,딥러닝 기반의 화재 감지를 위한 시퀀스 영상 이미지 전처리 시스템 및 방법,10-2019-0142332, ,한국전자통신연구원,Ⅲ. 필수기반,1. 인공지능,4
405,진주,안개 제거 방법 및 장치,안개 제거 방법 및 장치,10-2016-0023568,10-1746712,울산과학기술원,Ⅲ. 필수기반,1. 인공지능,4
406,진주,영상 처리 장치 및 방법,영상 처리 장치 및 방법,10-2017-0180904,10-2027043,울산과학기술원,Ⅲ. 필수기반,1. 인공지능,4
407,구미,영상데이터의 학습방법 및 장치,영상데이터의 학습방법 및 장치,10-2019-0089405,10-2224276,금오공과대학교 산학협력단,Ⅲ. 필수기반,1. 인공지능,4
408,구미,"영상의 배경과 객체를 분리하고, 객체의 이동을 검출할 수 있는 시스템",배경 학습 기반 이동 객체 검출 시스템,10-2015-0131156,10-1684172,금오공과대학교 산학협력단,Ⅲ. 필수기반,1. 인공지능,4
409,구미,오디션 플랫폼 개발을 위한 요소기술,색상에 따른 음악 검색 장치 및 이를 이용한 음악 검색 방법,10-2015-0046680,10-1646989,금오공과대학교 산학협력단,Ⅲ. 필수기반,1. 인공지능,7
410,광주,의미와 문맥을 고려한 주제기반 문서 자동 분류 시스템,의미와 문맥을 고려한 주제기반 문서 자동 분류 시스템,10-2018-0061050,10-1938212,전남대학교 산학협력단,Ⅲ. 필수기반,1. 인공지능,5
411,광주,인공신경망을 이용한 실내공기질 가상 모니터링 방법 및 시스템,인공신경망을 이용한 실내공기질 가상 모니터링 방법 및 시스템,10-2020-0155792,10-2408444,전남대학교 산학협력단,Ⅲ. 필수기반,1. 인공지능,3
412,창원,저해상도 얼굴 영상을 실시간 인식할 수 있는 기술,실시간 얼굴 인식장치 및 방법,10-2019-0162545,10-2329466,창원대학교 산학협력단,Ⅲ. 필수기반,1. 인공지능,4
413,군산,제품 평가 마이닝 방법 및 이를 수행하는 장치,제품 평가 마이닝 방법 및 이를 수행하는 장치,10-2019-0110247,10-2299525,군산대학교 산학협력단,Ⅲ. 필수기반,1. 인공지능,7
414,구미,증강현실과 가상현실을 선택적으로 사용할 수 있는 하이브리드 영상출력 장치에 관한 특허,증강현실과 가상현실을 선택적으로 사용할 수 있는 하이브리드 영상출력 장치,10-2021-0075947, ,금오공과대학교 산학협력단,Ⅲ. 필수기반,1. 인공지능,6
415,군산,지오 태그 사진들로부터 어트랙션 지역을 발견하는 방법 및 이를 수행하는 장치,지오 태그 사진들로부터 어트랙션 지역을 발견하는 방법 및 이를 수행하는 장치,10-2019-0116090,10-2249383,군산대학교 산학협력단,Ⅲ. 필수기반,1. 인공지능,4
416,대구,콘크리트 표면 영상 내 크랙 패턴 검출을 위한 영상 세그먼트 처리 방법,영상의 세그먼트 처리 방법 및 세그먼트 처리 방법을 수행하는 장치,10-2019-0162826,10-2382962,대구경북과학기술원,Ⅲ. 필수기반,1. 인공지능,4
417,진주,파노라마 영상에 의한 다양한 개체의 스마트 팜 생육 관리 시스템 및 방법,파노라마 영상에 의한 다양한 개체의 스마트 팜 생육 관리 시스템 및 방법,10-2020-0082305,10-2434210,부산대학교 산학협력단,Ⅲ. 필수기반,1. 인공지능,5
418,전북,흥미를 유발하고 교육적 효과를 제공할 수 있는 반응형 전자책 개발,반응형 전자책 제공 시스템,10-2014-0194060,10-1640794,전북대학교 산학협력단,Ⅲ. 필수기반,1. 인공지능,4
419,군산,건설기계의 위험경고장치,건설기계의 위험경고장치,10-2017-0072909,10-1970188,재단법인 건설기계부품연구원,Ⅲ. 필수기반,2. 첨단로봇·제조,5
420,안산,과부하 방지를 위한 원격 제어 굴삭기의 제어 장치 및 방법,과부하 방지를 위한 원격 제어 굴삭기의 제어 장치 및 방법,10-2018-0171362,10-2090409,한양대학교 에리카산학협력단,Ⅲ. 필수기반,2. 첨단로봇·제조,5
421,안산,근력 보조 장치,근력 보조 장치,10-2018-0072693,10-2045677,한양대학교 에리카산학협력단,Ⅲ. 필수기반,2. 첨단로봇·제조,5
422,대구,나노섬유 제조 및 특성제어가 가능한 초고속 원심방사 시스템,배향의 무작위성이 향상된 나노 섬유 원심 방사 장치,10-2022-0024460,,경북대학교 산학협력단,Ⅲ. 필수기반,2. 첨단로봇·제조,4
423,진주,대상체 정량 절단 기술,속도제어를 통한 대상체의 정량절단 장치 및 방법,10-2018-0136557,10-2200581,한국로봇융합연구원,Ⅲ. 필수기반,2. 첨단로봇·제조,4
424,대구,레이저비전 센서 및 그 보정방법을 활용한 농업용 로봇 제조 기술,레이저비전 센서 및 그 보정방법,10-2012-0155151,10-1972432,(재)대구기계부품연구원,Ⅲ. 필수기반,2. 첨단로봇·제조,6
425,안산,로봇 그리퍼 및 작동방법,로봇 그리퍼 및 작동방법,10-2018-0108167,10-2134071,한양대학교 에리카산학협력단,Ⅲ. 필수기반,2. 첨단로봇·제조,5
426,구미,마이크로버블을 이용한 공기정화시스템 및 이의 공기정화방법,마이크로버블을 이용한 공기정화시스템 및 이의 공기정화방법,10-2020-0054432,10-2391711,금오공과대학교 산학협력단,Ⅲ. 필수기반,2. 첨단로봇·제조,4
427,구미,방향과 관계없이 적재물 트레이를 인출할 수 있는 트레이 픽업구조,스마트 자동창고용 트레이 픽업구조,10-2019-0031423,10-2219767,금오공과대학교 산학협력단,Ⅲ. 필수기반,2. 첨단로봇·제조,4
428,진주,벽면 이동형 드론 유닛 제어 기술,고층건물 유지 관리를 위한 벽면 이동형 드론 유닛 및 제어방법,10-2018-0096007,10-2150159,한국과학기술원,Ⅲ. 필수기반,2. 첨단로봇·제조,4
429,광주,스캐닝 라이다,송수광 일체형 광학계 모듈 및 이를 구비하는 스캐닝 라이다,10-2017-0000208,10-1923724,한국전자기술연구원,Ⅲ. 필수기반,2. 첨단로봇·제조,7
430,구미,식물공장용 고효율 양액재순환시스템 및 이를 이용한 식물공장,식물공장용 고효율 양액재순환시스템 및 이를 이용한 식물공장,10-2014-0147277,10-1714025,금오공과대학교 산학협력단,Ⅲ. 필수기반,2. 첨단로봇·제조,4
431,대구,온습도 조절이 가능한 에너지 절감형 고추 건조기,에너지 절감형 고추 건조기,10-2013-0118401,10-1541963,경북대학교 산학협력단,Ⅲ. 필수기반,2. 첨단로봇·제조,5
432,진주,위치기반 서비스 구축 기술,무선 측위 방법 및 장치,10-2010-0095490,10-1691181,숭실대학교 산학협력단,Ⅲ. 필수기반,2. 첨단로봇·제조,4
433,전북,자동으로 농작물 사이사이에 형성된 고랑을 따라 이동하면서 양액을 살포하는 농업용 방제 로봇 시스템 개발,농업용 방제 로봇 시스템,10-2012-0051057,10-1376535,전북대학교 산학협력단,Ⅲ. 필수기반,2. 첨단로봇·제조,4
434,구미,자동차 부품 컨트롤 보드의 펌웨어 통합 검사 시스템,자동차 부품 컨트롤 보드의 펌웨어 통합 검사 시스템,10-2018-0153149, ,금오공과대학교 산학협력단,Ⅲ. 필수기반,2. 첨단로봇·제조,4
435,광주,자율 카테터 로봇,마이크로 로봇 이동제어를 위한 베드 통합형 전자기장 장치 및 이를 이용한 마이크로 로봇 구동 방법,10-2020-0083576,10-2379538,재단법인 한국마이크로의료로봇연구원,Ⅲ. 필수기반,2. 첨단로봇·제조,5
436,진주,정밀한 모터 상태 모니터링이 가능한 진동측정장치,마이크로파 공진기를 이용한 모터진동측정장치,10-2015-0111702,10-1746630,서강대학교 산학협력단,Ⅲ. 필수기반,2. 첨단로봇·제조,5
437,창원,착용감이 편안한 유연구동 착용로봇 기술,상지 착용 로봇장치,10-2022-0060616,,한국전기연구원,Ⅲ. 필수기반,2. 첨단로봇·제조,6
438,대구,충전밀도와 투자율이 향상된 자성체 제조 기술,자성체의 제조방법,10-2020-0039974,10-2258927,한국세라믹기술원,Ⅲ. 필수기반,2. 첨단로봇·제조,5
439,창원,탄성 변형 감지 3개의 힘과 3개의 모멘트 측정 기능을 갖는 순응장치 기술,6축 힘/모멘트 측정 기능을 갖는 순응장치,10-2017-0052695,10-1876676,경남대학교 산학협력단,Ⅲ. 필수기반,2. 첨단로봇·제조,7
440,대구,피니싱 작업을 위한 매니퓰레이터 및 그의 제어 방법을 통한 사상가공용 로봇 매니퓰레이터 개발 기술,피니싱 작업을 위한 매니퓰레이터 및 그의 제어 방법,10-2021-7018105, ,광주과학기술원,Ⅲ. 필수기반,2. 첨단로봇·제조,5
441,안산,회전 그리퍼,회전 그리퍼,10-2020-0025820,10-2268780,한양대학교 에리카산학협력단,Ⅲ. 필수기반,2. 첨단로봇·제조,5
442,대덕,IoT/IIoT 응용을 위한 엣지 컴퓨팅 기술,UART 통신 장치 및 방법,10-2018-0042381,10-2265400,한국전자통신연구원,Ⅲ. 필수기반,3. 차세대 통신,5
443,광주,SWIPT 시스템에서 적응적 변조 기법을 이용한 수신 전력 최적화를 위한 장치 및 이를 위한 방법,SWIPT 시스템에서 적응적 변조 기법을 이용한 수신 전력 최적화를 위한 장치 및 이를 위한 방법,10-2019-0149362,10-2272645,동아대학교 산학협력단,Ⅲ. 필수기반,3. 차세대 통신,5
444,창원,고속통신기반의 전력변환장치용 제어장치가 적용된 고압 전력변환장치,전력변환 장치,10-2019-0154004,10-2181321,한국전기연구원,Ⅲ. 필수기반,3. 차세대 통신,5
445,광주,기가급 광무선(FSO) 전송 시스템 기술,무선 광통신 장치 및 이의 양방향 무선 광통신 방법,10-2018-0159188,10-2393062,한국전자통신연구원,Ⅲ. 필수기반,3. 차세대 통신,5
446,청주,네트워크 압축 장치 및 방법,네트워크 압축 장치 및 방법,10-2020-0174963,10-2432851,충북대학교 산학협력단,Ⅲ. 필수기반,3. 차세대 통신,4
447,군산,네트워크의 커버리지에 기초하여 센서 메타데이터를 제공하는 무선 센서 네트워크,네트워크의 커버리지에 기초하여 센서 메타데이터를 제공하는 무선 센서 네트워크,10-2016-0108487, ,군산대학교 산학협력단,Ⅲ. 필수기반,3. 차세대 통신,5
448,구미,단방향 데이터 전달기법을 적용한 mms 기반의 산업용 사물인터넷 플랫폼,단방향 데이터 전달기법을 적용한 MMS 기반의 산업용 사물인터넷 플랫폼,10-2019-0018306,10-2123314,금오공과대학교 산학협력단,Ⅲ. 필수기반,3. 차세대 통신,4
449,청주,릴레이 장치로 동작하는 무인 이동체의 최적 위치 탐색 방법,릴레이 장치로 동작하는 무인 이동체 및 무선 자원과 우선순위에 기초하여 무인 이동체의 최적 위치 탐색 방법,10-2021-0023181,10-2391698,충북대학교 산학협력단,Ⅲ. 필수기반,3. 차세대 통신,4
450,나주,분산 전원의 스케쥴링 및 실시간 제어를 통한 빌딩 에너지 관리 장치,분산 전원의 스케쥴링 및 실시간 제어를 통한 빌딩 에너지 관리 장치,10-2013-0116964,10-2173207,한국전력공사,Ⅲ. 필수기반,3. 차세대 통신,4
451,청주,비대면 온라인 교육 플랫폼 제공기술,비대면 온라인 교육 플랫폼 제공 방법 및 시스템,10-2022-0029510,,충북대학교 산학협력단,Ⅲ. 필수기반,3. 차세대 통신,4
452,광주,서비스 메쉬가 적용되는 클라우드 서비스 시스템,서비스 메쉬가 적용되는 클라우드 서비스 시스템,10-2018-0136897,10-2094923,광주과학기술원,Ⅲ. 필수기반,3. 차세대 통신,4
453,포항,수중 작업자를 위한 안전관리 시스템,수중 작업자를 위한 안전 관리 시스템 및 이를 이용한 안전 관리 방법,10-2021-0075656,10-2348012,포항공과대학교 산학협력단,Ⅲ. 필수기반,3. 차세대 통신,5
454,나주,"압전케이블을 적용한 교통안전시설물, IoT와 압전케이블을 이용한 교통안전시설물의 스마트 관리시스템 및 관리방법","압전케이블을 적용한 교통안전시설물, IoT와 압전케이블을 이용한 교통안전시설물의 스마트 관리시스템 및 관리방법",10-2018-0059437,10-2002728,한국건설기술연구원,Ⅲ. 필수기반,3. 차세대 통신,4
455,청주,유물 보관 또는 전시 공간 대상 환경정보 수집 시스템,유물 보관 또는 전시 공간 대상 환경정보 수집 시스템 및 이를 이용한 환경정보 전달방법,10-2020-0187379,10-2380805,충북대학교 산학협력단,Ⅲ. 필수기반,3. 차세대 통신,4
456,광주,전원 조명 장치의 동작 방법,전원 조명 장치의 동작 방법,10-2019-0046661,10-2041120,한국전력공사,Ⅲ. 필수기반,3. 차세대 통신,4
457,나주,피코 그리드의 전력사용 스케줄링 시스템 및 방법,피코 그리드의 전력사용 스케줄링 시스템 및 방법,10-2011-0098380,10-1805924,한국전력공사,Ⅲ. 필수기반,3. 차세대 통신,4
458,진주,하이브리드 클라우드 환경의 능동적 구축을 위한 조합 추천 장치,클라우드 서비스 추천/결합 장치 및 클라우드 서비스 추천/결합 방법,10-2018-0039818,10-1977536,부산대학교 산학협력단,Ⅲ. 필수기반,3. 차세대 통신,4
459,포항,향상된 정확도를 갖는 소리 인식 방법,향상된 정확도를 갖는 소리 인식 방법 및 그의 응용방법,10-2019-0165885,10-2343853,포항공과대학교 산학협력단,Ⅲ. 필수기반,3. 차세대 통신,5
460,안산,자외선 LED 살균 장치,자외선 LED 살균 장치,10-2018-0114621,10-2380772,한양대학교 에리카산학협력단,Ⅲ. 필수기반,4. 양자,5
461,안산,효율적인 양자 모듈러 곱셈기 및 양자 모듈러 곱셈 방법,효율적인 양자 모듈러 곱셈기 및 양자 모듈러 곱셈 방법,10-2020-0092366,10-2214836,한양대학교 에리카산학협력단,Ⅲ. 필수기반,4. 양자,5
